simulation_id,network_type,converged,step,theory,num_agents,true_probs_old,true_probs_new
1,cycle,True,1,Old Theory,10,0.2,0.8
2,cycle,True,8,New Theory,10,0.2,0.8
3,cycle,True,7,New Theory,10,0.2,0.8
4,cycle,True,8,New Theory,10,0.2,0.8
5,cycle,True,8,New Theory,10,0.2,0.8
6,cycle,True,3,Old Theory,10,0.2,0.8
7,cycle,True,3,Old Theory,10,0.2,0.8
8,cycle,True,8,New Theory,10,0.2,0.8
9,cycle,True,9,New Theory,10,0.2,0.8
10,cycle,True,8,New Theory,10,0.2,0.8
11,cycle,True,11,New Theory,10,0.2,0.8
12,cycle,True,5,New Theory,10,0.2,0.8
13,cycle,True,14,New Theory,10,0.2,0.8
14,cycle,True,9,New Theory,10,0.2,0.8
15,cycle,True,7,New Theory,10,0.2,0.8
16,cycle,True,1,Old Theory,10,0.2,0.8
17,cycle,True,9,New Theory,10,0.2,0.8
18,cycle,True,7,New Theory,10,0.2,0.8
19,cycle,True,9,New Theory,10,0.2,0.8
20,cycle,True,8,New Theory,10,0.2,0.8
21,cycle,True,7,New Theory,10,0.2,0.8
22,cycle,True,1,Old Theory,10,0.2,0.8
23,cycle,True,1,Old Theory,10,0.2,0.8
24,cycle,True,6,New Theory,10,0.2,0.8
25,cycle,True,9,New Theory,10,0.2,0.8
26,cycle,True,11,New Theory,10,0.2,0.8
27,cycle,True,1,Old Theory,10,0.2,0.8
28,cycle,True,7,New Theory,10,0.2,0.8
29,cycle,True,7,New Theory,10,0.2,0.8
30,cycle,True,8,New Theory,10,0.2,0.8
31,cycle,True,9,New Theory,10,0.2,0.8
32,cycle,True,1,Old Theory,10,0.2,0.8
33,cycle,True,1,Old Theory,10,0.2,0.8
34,cycle,True,7,New Theory,10,0.2,0.8
35,cycle,True,10,New Theory,10,0.2,0.8
36,cycle,True,1,Old Theory,10,0.2,0.8
37,cycle,True,10,New Theory,10,0.2,0.8
38,cycle,True,2,Old Theory,10,0.2,0.8
39,cycle,True,7,New Theory,10,0.2,0.8
40,cycle,True,8,New Theory,10,0.2,0.8
41,cycle,True,8,New Theory,10,0.2,0.8
42,cycle,True,8,New Theory,10,0.2,0.8
43,cycle,True,3,Old Theory,10,0.2,0.8
44,cycle,True,8,New Theory,10,0.2,0.8
45,cycle,True,7,New Theory,10,0.2,0.8
46,cycle,True,9,New Theory,10,0.2,0.8
47,cycle,True,7,New Theory,10,0.2,0.8
48,cycle,True,7,New Theory,10,0.2,0.8
49,cycle,True,8,New Theory,10,0.2,0.8
50,cycle,True,11,New Theory,10,0.2,0.8
51,cycle,True,4,Old Theory,10,0.2,0.8
52,cycle,True,7,New Theory,10,0.2,0.8
53,cycle,True,1,Old Theory,10,0.2,0.8
54,cycle,True,1,Old Theory,10,0.2,0.8
55,cycle,True,1,Old Theory,10,0.2,0.8
56,cycle,True,8,New Theory,10,0.2,0.8
57,cycle,True,1,Old Theory,10,0.2,0.8
58,cycle,True,8,New Theory,10,0.2,0.8
59,cycle,True,1,Old Theory,10,0.2,0.8
60,cycle,True,7,New Theory,10,0.2,0.8
61,cycle,True,9,New Theory,10,0.2,0.8
62,cycle,True,8,New Theory,10,0.2,0.8
63,cycle,True,9,New Theory,10,0.2,0.8
64,cycle,True,3,Old Theory,10,0.2,0.8
65,cycle,True,3,Old Theory,10,0.2,0.8
66,cycle,True,7,New Theory,10,0.2,0.8
67,cycle,True,8,New Theory,10,0.2,0.8
68,cycle,True,1,Old Theory,10,0.2,0.8
69,cycle,True,1,Old Theory,10,0.2,0.8
70,cycle,True,1,Old Theory,10,0.2,0.8
71,cycle,True,2,Old Theory,10,0.2,0.8
72,cycle,True,10,New Theory,10,0.2,0.8
73,cycle,True,6,New Theory,10,0.2,0.8
74,cycle,True,2,Old Theory,10,0.2,0.8
75,cycle,True,10,New Theory,10,0.2,0.8
76,cycle,True,11,New Theory,10,0.2,0.8
77,cycle,True,1,Old Theory,10,0.2,0.8
78,cycle,True,5,New Theory,10,0.2,0.8
79,cycle,True,1,Old Theory,10,0.2,0.8
80,cycle,True,6,New Theory,10,0.2,0.8
81,cycle,True,8,New Theory,10,0.2,0.8
82,cycle,True,8,New Theory,10,0.2,0.8
83,cycle,True,2,Old Theory,10,0.2,0.8
84,cycle,True,6,New Theory,10,0.2,0.8
85,cycle,True,1,Old Theory,10,0.2,0.8
86,cycle,True,7,New Theory,10,0.2,0.8
87,cycle,True,3,Old Theory,10,0.2,0.8
88,cycle,True,5,New Theory,10,0.2,0.8
89,cycle,True,10,New Theory,10,0.2,0.8
90,cycle,True,1,Old Theory,10,0.2,0.8
91,cycle,True,2,Old Theory,10,0.2,0.8
92,cycle,True,8,New Theory,10,0.2,0.8
93,cycle,True,9,New Theory,10,0.2,0.8
94,cycle,True,7,New Theory,10,0.2,0.8
95,cycle,True,7,New Theory,10,0.2,0.8
96,cycle,True,7,New Theory,10,0.2,0.8
97,cycle,True,8,New Theory,10,0.2,0.8
98,cycle,True,5,Old Theory,10,0.2,0.8
99,cycle,True,7,New Theory,10,0.2,0.8
100,cycle,True,1,Old Theory,10,0.2,0.8
101,cycle,True,7,New Theory,10,0.2,0.8
102,cycle,True,9,New Theory,10,0.2,0.8
103,cycle,True,7,New Theory,10,0.2,0.8
104,cycle,True,9,New Theory,10,0.2,0.8
105,cycle,True,2,Old Theory,10,0.2,0.8
106,cycle,True,9,New Theory,10,0.2,0.8
107,cycle,True,8,New Theory,10,0.2,0.8
108,cycle,True,9,New Theory,10,0.2,0.8
109,cycle,True,6,New Theory,10,0.2,0.8
110,cycle,True,7,New Theory,10,0.2,0.8
111,cycle,True,6,New Theory,10,0.2,0.8
112,cycle,True,9,New Theory,10,0.2,0.8
113,cycle,True,9,New Theory,10,0.2,0.8
114,cycle,True,9,New Theory,10,0.2,0.8
115,cycle,True,8,New Theory,10,0.2,0.8
116,cycle,True,11,New Theory,10,0.2,0.8
117,cycle,True,1,Old Theory,10,0.2,0.8
118,cycle,True,7,New Theory,10,0.2,0.8
119,cycle,True,6,New Theory,10,0.2,0.8
120,cycle,True,3,Old Theory,10,0.2,0.8
121,cycle,True,1,Old Theory,10,0.2,0.8
122,cycle,True,10,New Theory,10,0.2,0.8
123,cycle,True,8,New Theory,10,0.2,0.8
124,cycle,True,9,New Theory,10,0.2,0.8
125,cycle,True,6,New Theory,10,0.2,0.8
126,cycle,True,10,New Theory,10,0.2,0.8
127,cycle,True,8,New Theory,10,0.2,0.8
128,cycle,True,1,Old Theory,10,0.2,0.8
129,cycle,True,8,New Theory,10,0.2,0.8
130,cycle,True,8,New Theory,10,0.2,0.8
131,cycle,True,6,New Theory,10,0.2,0.8
132,cycle,True,3,Old Theory,10,0.2,0.8
133,cycle,True,7,New Theory,10,0.2,0.8
134,cycle,True,6,New Theory,10,0.2,0.8
135,cycle,True,2,Old Theory,10,0.2,0.8
136,cycle,True,1,Old Theory,10,0.2,0.8
137,cycle,True,1,Old Theory,10,0.2,0.8
138,cycle,True,12,New Theory,10,0.2,0.8
139,cycle,True,7,New Theory,10,0.2,0.8
140,cycle,True,2,Old Theory,10,0.2,0.8
141,cycle,True,3,Old Theory,10,0.2,0.8
142,cycle,True,12,New Theory,10,0.2,0.8
143,cycle,True,7,New Theory,10,0.2,0.8
144,cycle,True,7,New Theory,10,0.2,0.8
145,cycle,True,3,Old Theory,10,0.2,0.8
146,cycle,True,7,New Theory,10,0.2,0.8
147,cycle,True,2,Old Theory,10,0.2,0.8
148,cycle,True,1,Old Theory,10,0.2,0.8
149,cycle,True,8,New Theory,10,0.2,0.8
150,cycle,True,7,New Theory,10,0.2,0.8
151,cycle,True,1,Old Theory,10,0.2,0.8
152,cycle,True,6,New Theory,10,0.2,0.8
153,cycle,True,11,New Theory,10,0.2,0.8
154,cycle,True,3,Old Theory,10,0.2,0.8
155,cycle,True,1,Old Theory,10,0.2,0.8
156,cycle,True,1,Old Theory,10,0.2,0.8
157,cycle,True,8,New Theory,10,0.2,0.8
158,cycle,True,7,New Theory,10,0.2,0.8
159,cycle,True,10,New Theory,10,0.2,0.8
160,cycle,True,2,Old Theory,10,0.2,0.8
161,cycle,True,1,Old Theory,10,0.2,0.8
162,cycle,True,10,New Theory,10,0.2,0.8
163,cycle,True,8,New Theory,10,0.2,0.8
164,cycle,True,3,Old Theory,10,0.2,0.8
165,cycle,True,9,New Theory,10,0.2,0.8
166,cycle,True,5,New Theory,10,0.2,0.8
167,cycle,True,8,New Theory,10,0.2,0.8
168,cycle,True,6,New Theory,10,0.2,0.8
169,cycle,True,3,Old Theory,10,0.2,0.8
170,cycle,True,8,New Theory,10,0.2,0.8
171,cycle,True,3,Old Theory,10,0.2,0.8
172,cycle,True,11,New Theory,10,0.2,0.8
173,cycle,True,9,New Theory,10,0.2,0.8
174,cycle,True,1,Old Theory,10,0.2,0.8
175,cycle,True,7,New Theory,10,0.2,0.8
176,cycle,True,7,New Theory,10,0.2,0.8
177,cycle,True,8,New Theory,10,0.2,0.8
178,cycle,True,8,New Theory,10,0.2,0.8
179,cycle,True,9,New Theory,10,0.2,0.8
180,cycle,True,3,Old Theory,10,0.2,0.8
181,cycle,True,6,New Theory,10,0.2,0.8
182,cycle,True,6,New Theory,10,0.2,0.8
183,cycle,True,9,New Theory,10,0.2,0.8
184,cycle,True,9,New Theory,10,0.2,0.8
185,cycle,True,9,New Theory,10,0.2,0.8
186,cycle,True,5,Old Theory,10,0.2,0.8
187,cycle,True,3,Old Theory,10,0.2,0.8
188,cycle,True,3,Old Theory,10,0.2,0.8
189,cycle,True,1,Old Theory,10,0.2,0.8
190,cycle,True,6,New Theory,10,0.2,0.8
191,cycle,True,8,New Theory,10,0.2,0.8
192,cycle,True,3,Old Theory,10,0.2,0.8
193,cycle,True,2,Old Theory,10,0.2,0.8
194,cycle,True,9,New Theory,10,0.2,0.8
195,cycle,True,8,New Theory,10,0.2,0.8
196,cycle,True,9,New Theory,10,0.2,0.8
197,cycle,True,7,New Theory,10,0.2,0.8
198,cycle,True,10,New Theory,10,0.2,0.8
199,cycle,True,9,New Theory,10,0.2,0.8
200,cycle,True,1,Old Theory,10,0.2,0.8
201,cycle,True,9,New Theory,10,0.2,0.8
202,cycle,True,1,Old Theory,10,0.2,0.8
203,cycle,True,8,New Theory,10,0.2,0.8
204,cycle,True,3,Old Theory,10,0.2,0.8
205,cycle,True,11,New Theory,10,0.2,0.8
206,cycle,True,12,New Theory,10,0.2,0.8
207,cycle,True,1,Old Theory,10,0.2,0.8
208,cycle,True,9,New Theory,10,0.2,0.8
209,cycle,True,2,Old Theory,10,0.2,0.8
210,cycle,True,1,Old Theory,10,0.2,0.8
211,cycle,True,1,Old Theory,10,0.2,0.8
212,cycle,True,1,Old Theory,10,0.2,0.8
213,cycle,True,8,New Theory,10,0.2,0.8
214,cycle,True,11,New Theory,10,0.2,0.8
215,cycle,True,7,New Theory,10,0.2,0.8
216,cycle,True,9,New Theory,10,0.2,0.8
217,cycle,True,5,New Theory,10,0.2,0.8
218,cycle,True,8,New Theory,10,0.2,0.8
219,cycle,True,8,New Theory,10,0.2,0.8
220,cycle,True,3,Old Theory,10,0.2,0.8
221,cycle,True,11,New Theory,10,0.2,0.8
222,cycle,True,11,New Theory,10,0.2,0.8
223,cycle,True,9,New Theory,10,0.2,0.8
224,cycle,True,9,New Theory,10,0.2,0.8
225,cycle,True,8,New Theory,10,0.2,0.8
226,cycle,True,9,New Theory,10,0.2,0.8
227,cycle,True,7,New Theory,10,0.2,0.8
228,cycle,True,8,New Theory,10,0.2,0.8
229,cycle,True,7,New Theory,10,0.2,0.8
230,cycle,True,1,Old Theory,10,0.2,0.8
231,cycle,True,9,New Theory,10,0.2,0.8
232,cycle,True,7,New Theory,10,0.2,0.8
233,cycle,True,7,New Theory,10,0.2,0.8
234,cycle,True,2,Old Theory,10,0.2,0.8
235,cycle,True,2,Old Theory,10,0.2,0.8
236,cycle,True,8,New Theory,10,0.2,0.8
237,cycle,True,11,New Theory,10,0.2,0.8
238,cycle,True,8,New Theory,10,0.2,0.8
239,cycle,True,8,New Theory,10,0.2,0.8
240,cycle,True,1,Old Theory,10,0.2,0.8
241,cycle,True,1,Old Theory,10,0.2,0.8
242,cycle,True,6,New Theory,10,0.2,0.8
243,cycle,True,2,Old Theory,10,0.2,0.8
244,cycle,True,10,New Theory,10,0.2,0.8
245,cycle,True,13,New Theory,10,0.2,0.8
246,cycle,True,12,New Theory,10,0.2,0.8
247,cycle,True,9,New Theory,10,0.2,0.8
248,cycle,True,2,Old Theory,10,0.2,0.8
249,cycle,True,1,Old Theory,10,0.2,0.8
250,cycle,True,11,New Theory,10,0.2,0.8
251,cycle,True,2,Old Theory,10,0.2,0.8
252,cycle,True,11,New Theory,10,0.2,0.8
253,cycle,True,7,New Theory,10,0.2,0.8
254,cycle,True,7,New Theory,10,0.2,0.8
255,cycle,True,9,New Theory,10,0.2,0.8
256,cycle,True,5,New Theory,10,0.2,0.8
257,cycle,True,10,New Theory,10,0.2,0.8
258,cycle,True,10,New Theory,10,0.2,0.8
259,cycle,True,6,New Theory,10,0.2,0.8
260,cycle,True,7,New Theory,10,0.2,0.8
261,cycle,True,2,Old Theory,10,0.2,0.8
262,cycle,True,8,New Theory,10,0.2,0.8
263,cycle,True,1,Old Theory,10,0.2,0.8
264,cycle,True,4,Old Theory,10,0.2,0.8
265,cycle,True,7,New Theory,10,0.2,0.8
266,cycle,True,6,New Theory,10,0.2,0.8
267,cycle,True,9,New Theory,10,0.2,0.8
268,cycle,True,2,Old Theory,10,0.2,0.8
269,cycle,True,10,New Theory,10,0.2,0.8
270,cycle,True,1,Old Theory,10,0.2,0.8
271,cycle,True,6,New Theory,10,0.2,0.8
272,cycle,True,2,Old Theory,10,0.2,0.8
273,cycle,True,7,New Theory,10,0.2,0.8
274,cycle,True,9,New Theory,10,0.2,0.8
275,cycle,True,7,New Theory,10,0.2,0.8
276,cycle,True,10,New Theory,10,0.2,0.8
277,cycle,True,8,New Theory,10,0.2,0.8
278,cycle,True,7,New Theory,10,0.2,0.8
279,cycle,True,2,Old Theory,10,0.2,0.8
280,cycle,True,1,Old Theory,10,0.2,0.8
281,cycle,True,8,New Theory,10,0.2,0.8
282,cycle,True,7,New Theory,10,0.2,0.8
283,cycle,True,8,New Theory,10,0.2,0.8
284,cycle,True,2,Old Theory,10,0.2,0.8
285,cycle,True,8,New Theory,10,0.2,0.8
286,cycle,True,1,Old Theory,10,0.2,0.8
287,cycle,True,9,New Theory,10,0.2,0.8
288,cycle,True,7,New Theory,10,0.2,0.8
289,cycle,True,7,New Theory,10,0.2,0.8
290,cycle,True,8,New Theory,10,0.2,0.8
291,cycle,True,6,New Theory,10,0.2,0.8
292,cycle,True,6,New Theory,10,0.2,0.8
293,cycle,True,1,Old Theory,10,0.2,0.8
294,cycle,True,1,Old Theory,10,0.2,0.8
295,cycle,True,7,New Theory,10,0.2,0.8
296,cycle,True,1,Old Theory,10,0.2,0.8
297,cycle,True,11,New Theory,10,0.2,0.8
298,cycle,True,8,New Theory,10,0.2,0.8
299,cycle,True,11,New Theory,10,0.2,0.8
300,cycle,True,7,New Theory,10,0.2,0.8
301,cycle,True,5,Old Theory,10,0.2,0.8
302,cycle,True,5,New Theory,10,0.2,0.8
303,cycle,True,9,New Theory,10,0.2,0.8
304,cycle,True,1,Old Theory,10,0.2,0.8
305,cycle,True,8,New Theory,10,0.2,0.8
306,cycle,True,6,New Theory,10,0.2,0.8
307,cycle,True,7,New Theory,10,0.2,0.8
308,cycle,True,4,Old Theory,10,0.2,0.8
309,cycle,True,7,New Theory,10,0.2,0.8
310,cycle,True,11,New Theory,10,0.2,0.8
311,cycle,True,1,Old Theory,10,0.2,0.8
312,cycle,True,2,Old Theory,10,0.2,0.8
313,cycle,True,2,Old Theory,10,0.2,0.8
314,cycle,True,1,Old Theory,10,0.2,0.8
315,cycle,True,10,New Theory,10,0.2,0.8
316,cycle,True,9,New Theory,10,0.2,0.8
317,cycle,True,4,Old Theory,10,0.2,0.8
318,cycle,True,9,New Theory,10,0.2,0.8
319,cycle,True,1,Old Theory,10,0.2,0.8
320,cycle,True,9,New Theory,10,0.2,0.8
321,cycle,True,8,New Theory,10,0.2,0.8
322,cycle,True,2,Old Theory,10,0.2,0.8
323,cycle,True,8,New Theory,10,0.2,0.8
324,cycle,True,5,New Theory,10,0.2,0.8
325,cycle,True,7,New Theory,10,0.2,0.8
326,cycle,True,9,New Theory,10,0.2,0.8
327,cycle,True,7,New Theory,10,0.2,0.8
328,cycle,True,1,Old Theory,10,0.2,0.8
329,cycle,True,1,Old Theory,10,0.2,0.8
330,cycle,True,9,New Theory,10,0.2,0.8
331,cycle,True,8,New Theory,10,0.2,0.8
332,cycle,True,1,Old Theory,10,0.2,0.8
333,cycle,True,7,New Theory,10,0.2,0.8
334,cycle,True,9,New Theory,10,0.2,0.8
335,cycle,True,1,Old Theory,10,0.2,0.8
336,cycle,True,1,Old Theory,10,0.2,0.8
337,cycle,True,9,New Theory,10,0.2,0.8
338,cycle,True,2,Old Theory,10,0.2,0.8
339,cycle,True,2,Old Theory,10,0.2,0.8
340,cycle,True,7,New Theory,10,0.2,0.8
341,cycle,True,7,New Theory,10,0.2,0.8
342,cycle,True,4,Old Theory,10,0.2,0.8
343,cycle,True,1,Old Theory,10,0.2,0.8
344,cycle,True,7,New Theory,10,0.2,0.8
345,cycle,True,6,New Theory,10,0.2,0.8
346,cycle,True,9,New Theory,10,0.2,0.8
347,cycle,True,6,New Theory,10,0.2,0.8
348,cycle,True,2,Old Theory,10,0.2,0.8
349,cycle,True,7,New Theory,10,0.2,0.8
350,cycle,True,6,New Theory,10,0.2,0.8
351,cycle,True,8,New Theory,10,0.2,0.8
352,cycle,True,10,New Theory,10,0.2,0.8
353,cycle,True,8,New Theory,10,0.2,0.8
354,cycle,True,9,New Theory,10,0.2,0.8
355,cycle,True,8,New Theory,10,0.2,0.8
356,cycle,True,3,Old Theory,10,0.2,0.8
357,cycle,True,1,Old Theory,10,0.2,0.8
358,cycle,True,9,New Theory,10,0.2,0.8
359,cycle,True,1,Old Theory,10,0.2,0.8
360,cycle,True,8,New Theory,10,0.2,0.8
361,cycle,True,10,New Theory,10,0.2,0.8
362,cycle,True,9,New Theory,10,0.2,0.8
363,cycle,True,9,New Theory,10,0.2,0.8
364,cycle,True,6,New Theory,10,0.2,0.8
365,cycle,True,8,New Theory,10,0.2,0.8
366,cycle,True,7,New Theory,10,0.2,0.8
367,cycle,True,8,New Theory,10,0.2,0.8
368,cycle,True,7,New Theory,10,0.2,0.8
369,cycle,True,3,Old Theory,10,0.2,0.8
370,cycle,True,7,New Theory,10,0.2,0.8
371,cycle,True,9,New Theory,10,0.2,0.8
372,cycle,True,8,New Theory,10,0.2,0.8
373,cycle,True,8,New Theory,10,0.2,0.8
374,cycle,True,1,Old Theory,10,0.2,0.8
375,cycle,True,6,New Theory,10,0.2,0.8
376,cycle,True,9,New Theory,10,0.2,0.8
377,cycle,True,11,New Theory,10,0.2,0.8
378,cycle,True,7,New Theory,10,0.2,0.8
379,cycle,True,3,Old Theory,10,0.2,0.8
380,cycle,True,2,Old Theory,10,0.2,0.8
381,cycle,True,6,New Theory,10,0.2,0.8
382,cycle,True,7,New Theory,10,0.2,0.8
383,cycle,True,1,Old Theory,10,0.2,0.8
384,cycle,True,8,New Theory,10,0.2,0.8
385,cycle,True,7,New Theory,10,0.2,0.8
386,cycle,True,8,New Theory,10,0.2,0.8
387,cycle,True,10,New Theory,10,0.2,0.8
388,cycle,True,7,New Theory,10,0.2,0.8
389,cycle,True,5,New Theory,10,0.2,0.8
390,cycle,True,5,New Theory,10,0.2,0.8
391,cycle,True,11,New Theory,10,0.2,0.8
392,cycle,True,2,Old Theory,10,0.2,0.8
393,cycle,True,1,Old Theory,10,0.2,0.8
394,cycle,True,1,Old Theory,10,0.2,0.8
395,cycle,True,1,Old Theory,10,0.2,0.8
396,cycle,True,2,Old Theory,10,0.2,0.8
397,cycle,True,7,New Theory,10,0.2,0.8
398,cycle,True,9,New Theory,10,0.2,0.8
399,cycle,True,5,New Theory,10,0.2,0.8
400,cycle,True,8,New Theory,10,0.2,0.8
401,cycle,True,7,New Theory,10,0.2,0.8
402,cycle,True,1,Old Theory,10,0.2,0.8
403,cycle,True,10,New Theory,10,0.2,0.8
404,cycle,True,12,New Theory,10,0.2,0.8
405,cycle,True,10,New Theory,10,0.2,0.8
406,cycle,True,3,Old Theory,10,0.2,0.8
407,cycle,True,10,New Theory,10,0.2,0.8
408,cycle,True,10,New Theory,10,0.2,0.8
409,cycle,True,7,New Theory,10,0.2,0.8
410,cycle,True,8,New Theory,10,0.2,0.8
411,cycle,True,8,New Theory,10,0.2,0.8
412,cycle,True,8,New Theory,10,0.2,0.8
413,cycle,True,10,New Theory,10,0.2,0.8
414,cycle,True,9,New Theory,10,0.2,0.8
415,cycle,True,7,New Theory,10,0.2,0.8
416,cycle,True,1,Old Theory,10,0.2,0.8
417,cycle,True,7,New Theory,10,0.2,0.8
418,cycle,True,7,New Theory,10,0.2,0.8
419,cycle,True,8,New Theory,10,0.2,0.8
420,cycle,True,8,New Theory,10,0.2,0.8
421,cycle,True,2,Old Theory,10,0.2,0.8
422,cycle,True,7,New Theory,10,0.2,0.8
423,cycle,True,10,New Theory,10,0.2,0.8
424,cycle,True,7,New Theory,10,0.2,0.8
425,cycle,True,8,New Theory,10,0.2,0.8
426,cycle,True,8,New Theory,10,0.2,0.8
427,cycle,True,6,New Theory,10,0.2,0.8
428,cycle,True,11,New Theory,10,0.2,0.8
429,cycle,True,9,New Theory,10,0.2,0.8
430,cycle,True,8,New Theory,10,0.2,0.8
431,cycle,True,7,New Theory,10,0.2,0.8
432,cycle,True,12,New Theory,10,0.2,0.8
433,cycle,True,7,New Theory,10,0.2,0.8
434,cycle,True,6,New Theory,10,0.2,0.8
435,cycle,True,2,Old Theory,10,0.2,0.8
436,cycle,True,7,New Theory,10,0.2,0.8
437,cycle,True,1,Old Theory,10,0.2,0.8
438,cycle,True,1,Old Theory,10,0.2,0.8
439,cycle,True,8,New Theory,10,0.2,0.8
440,cycle,True,8,New Theory,10,0.2,0.8
441,cycle,True,1,Old Theory,10,0.2,0.8
442,cycle,True,3,Old Theory,10,0.2,0.8
443,cycle,True,2,Old Theory,10,0.2,0.8
444,cycle,True,7,New Theory,10,0.2,0.8
445,cycle,True,6,New Theory,10,0.2,0.8
446,cycle,True,1,Old Theory,10,0.2,0.8
447,cycle,True,8,New Theory,10,0.2,0.8
448,cycle,True,9,New Theory,10,0.2,0.8
449,cycle,True,1,Old Theory,10,0.2,0.8
450,cycle,True,1,Old Theory,10,0.2,0.8
451,cycle,True,6,New Theory,10,0.2,0.8
452,cycle,True,8,New Theory,10,0.2,0.8
453,cycle,True,9,New Theory,10,0.2,0.8
454,cycle,True,7,New Theory,10,0.2,0.8
455,cycle,True,8,New Theory,10,0.2,0.8
456,cycle,True,6,New Theory,10,0.2,0.8
457,cycle,True,6,New Theory,10,0.2,0.8
458,cycle,True,1,Old Theory,10,0.2,0.8
459,cycle,True,6,New Theory,10,0.2,0.8
460,cycle,True,5,New Theory,10,0.2,0.8
461,cycle,True,2,Old Theory,10,0.2,0.8
462,cycle,True,10,New Theory,10,0.2,0.8
463,cycle,True,8,New Theory,10,0.2,0.8
464,cycle,True,7,New Theory,10,0.2,0.8
465,cycle,True,7,New Theory,10,0.2,0.8
466,cycle,True,9,New Theory,10,0.2,0.8
467,cycle,True,2,Old Theory,10,0.2,0.8
468,cycle,True,4,Old Theory,10,0.2,0.8
469,cycle,True,1,Old Theory,10,0.2,0.8
470,cycle,True,8,New Theory,10,0.2,0.8
471,cycle,True,9,New Theory,10,0.2,0.8
472,cycle,True,7,New Theory,10,0.2,0.8
473,cycle,True,8,New Theory,10,0.2,0.8
474,cycle,True,8,New Theory,10,0.2,0.8
475,cycle,True,10,New Theory,10,0.2,0.8
476,cycle,True,8,New Theory,10,0.2,0.8
477,cycle,True,7,New Theory,10,0.2,0.8
478,cycle,True,8,New Theory,10,0.2,0.8
479,cycle,True,6,New Theory,10,0.2,0.8
480,cycle,True,8,New Theory,10,0.2,0.8
481,cycle,True,9,New Theory,10,0.2,0.8
482,cycle,True,6,New Theory,10,0.2,0.8
483,cycle,True,1,Old Theory,10,0.2,0.8
484,cycle,True,1,Old Theory,10,0.2,0.8
485,cycle,True,12,New Theory,10,0.2,0.8
486,cycle,True,2,Old Theory,10,0.2,0.8
487,cycle,True,7,New Theory,10,0.2,0.8
488,cycle,True,1,Old Theory,10,0.2,0.8
489,cycle,True,1,Old Theory,10,0.2,0.8
490,cycle,True,1,Old Theory,10,0.2,0.8
491,cycle,True,10,New Theory,10,0.2,0.8
492,cycle,True,8,New Theory,10,0.2,0.8
493,cycle,True,7,New Theory,10,0.2,0.8
494,cycle,True,1,Old Theory,10,0.2,0.8
495,cycle,True,8,New Theory,10,0.2,0.8
496,cycle,True,1,Old Theory,10,0.2,0.8
497,cycle,True,7,New Theory,10,0.2,0.8
498,cycle,True,7,New Theory,10,0.2,0.8
499,cycle,True,8,New Theory,10,0.2,0.8
500,cycle,True,3,Old Theory,10,0.2,0.8
501,cycle,True,1,Old Theory,10,0.2,0.8
502,cycle,True,2,Old Theory,10,0.2,0.8
503,cycle,True,9,New Theory,10,0.2,0.8
504,cycle,True,2,Old Theory,10,0.2,0.8
505,cycle,True,7,New Theory,10,0.2,0.8
506,cycle,True,7,New Theory,10,0.2,0.8
507,cycle,True,7,New Theory,10,0.2,0.8
508,cycle,True,9,New Theory,10,0.2,0.8
509,cycle,True,8,New Theory,10,0.2,0.8
510,cycle,True,7,New Theory,10,0.2,0.8
511,cycle,True,1,Old Theory,10,0.2,0.8
512,cycle,True,9,New Theory,10,0.2,0.8
513,cycle,True,1,Old Theory,10,0.2,0.8
514,cycle,True,8,New Theory,10,0.2,0.8
515,cycle,True,7,New Theory,10,0.2,0.8
516,cycle,True,9,New Theory,10,0.2,0.8
517,cycle,True,8,New Theory,10,0.2,0.8
518,cycle,True,2,Old Theory,10,0.2,0.8
519,cycle,True,1,Old Theory,10,0.2,0.8
520,cycle,True,8,New Theory,10,0.2,0.8
521,cycle,True,1,Old Theory,10,0.2,0.8
522,cycle,True,8,New Theory,10,0.2,0.8
523,cycle,True,10,New Theory,10,0.2,0.8
524,cycle,True,7,New Theory,10,0.2,0.8
525,cycle,True,1,Old Theory,10,0.2,0.8
526,cycle,True,8,New Theory,10,0.2,0.8
527,cycle,True,7,New Theory,10,0.2,0.8
528,cycle,True,3,Old Theory,10,0.2,0.8
529,cycle,True,9,New Theory,10,0.2,0.8
530,cycle,True,3,Old Theory,10,0.2,0.8
531,cycle,True,1,Old Theory,10,0.2,0.8
532,cycle,True,6,New Theory,10,0.2,0.8
533,cycle,True,1,Old Theory,10,0.2,0.8
534,cycle,True,6,New Theory,10,0.2,0.8
535,cycle,True,2,Old Theory,10,0.2,0.8
536,cycle,True,6,New Theory,10,0.2,0.8
537,cycle,True,6,New Theory,10,0.2,0.8
538,cycle,True,10,New Theory,10,0.2,0.8
539,cycle,True,7,New Theory,10,0.2,0.8
540,cycle,True,9,New Theory,10,0.2,0.8
541,cycle,True,3,Old Theory,10,0.2,0.8
542,cycle,True,2,Old Theory,10,0.2,0.8
543,cycle,True,1,Old Theory,10,0.2,0.8
544,cycle,True,1,Old Theory,10,0.2,0.8
545,cycle,True,9,New Theory,10,0.2,0.8
546,cycle,True,3,Old Theory,10,0.2,0.8
547,cycle,True,9,New Theory,10,0.2,0.8
548,cycle,True,1,Old Theory,10,0.2,0.8
549,cycle,True,9,New Theory,10,0.2,0.8
550,cycle,True,8,New Theory,10,0.2,0.8
551,cycle,True,8,New Theory,10,0.2,0.8
552,cycle,True,1,Old Theory,10,0.2,0.8
553,cycle,True,2,Old Theory,10,0.2,0.8
554,cycle,True,1,Old Theory,10,0.2,0.8
555,cycle,True,1,Old Theory,10,0.2,0.8
556,cycle,True,9,New Theory,10,0.2,0.8
557,cycle,True,7,New Theory,10,0.2,0.8
558,cycle,True,1,Old Theory,10,0.2,0.8
559,cycle,True,8,New Theory,10,0.2,0.8
560,cycle,True,10,New Theory,10,0.2,0.8
561,cycle,True,1,Old Theory,10,0.2,0.8
562,cycle,True,8,New Theory,10,0.2,0.8
563,cycle,True,9,New Theory,10,0.2,0.8
564,cycle,True,8,New Theory,10,0.2,0.8
565,cycle,True,8,New Theory,10,0.2,0.8
566,cycle,True,8,New Theory,10,0.2,0.8
567,cycle,True,11,New Theory,10,0.2,0.8
568,cycle,True,1,Old Theory,10,0.2,0.8
569,cycle,True,7,New Theory,10,0.2,0.8
570,cycle,True,8,New Theory,10,0.2,0.8
571,cycle,True,9,New Theory,10,0.2,0.8
572,cycle,True,1,Old Theory,10,0.2,0.8
573,cycle,True,1,Old Theory,10,0.2,0.8
574,cycle,True,8,New Theory,10,0.2,0.8
575,cycle,True,8,New Theory,10,0.2,0.8
576,cycle,True,1,Old Theory,10,0.2,0.8
577,cycle,True,7,New Theory,10,0.2,0.8
578,cycle,True,1,Old Theory,10,0.2,0.8
579,cycle,True,1,Old Theory,10,0.2,0.8
580,cycle,True,9,New Theory,10,0.2,0.8
581,cycle,True,10,New Theory,10,0.2,0.8
582,cycle,True,1,Old Theory,10,0.2,0.8
583,cycle,True,9,New Theory,10,0.2,0.8
584,cycle,True,1,Old Theory,10,0.2,0.8
585,cycle,True,3,Old Theory,10,0.2,0.8
586,cycle,True,8,New Theory,10,0.2,0.8
587,cycle,True,7,New Theory,10,0.2,0.8
588,cycle,True,1,Old Theory,10,0.2,0.8
589,cycle,True,6,New Theory,10,0.2,0.8
590,cycle,True,2,Old Theory,10,0.2,0.8
591,cycle,True,8,New Theory,10,0.2,0.8
592,cycle,True,10,New Theory,10,0.2,0.8
593,cycle,True,9,New Theory,10,0.2,0.8
594,cycle,True,1,Old Theory,10,0.2,0.8
595,cycle,True,7,New Theory,10,0.2,0.8
596,cycle,True,1,Old Theory,10,0.2,0.8
597,cycle,True,7,New Theory,10,0.2,0.8
598,cycle,True,1,Old Theory,10,0.2,0.8
599,cycle,True,1,Old Theory,10,0.2,0.8
600,cycle,True,7,New Theory,10,0.2,0.8
601,cycle,True,1,Old Theory,10,0.2,0.8
602,cycle,True,7,New Theory,10,0.2,0.8
603,cycle,True,10,New Theory,10,0.2,0.8
604,cycle,True,10,New Theory,10,0.2,0.8
605,cycle,True,5,Old Theory,10,0.2,0.8
606,cycle,True,7,New Theory,10,0.2,0.8
607,cycle,True,2,Old Theory,10,0.2,0.8
608,cycle,True,5,New Theory,10,0.2,0.8
609,cycle,True,1,Old Theory,10,0.2,0.8
610,cycle,True,3,Old Theory,10,0.2,0.8
611,cycle,True,3,Old Theory,10,0.2,0.8
612,cycle,True,10,New Theory,10,0.2,0.8
613,cycle,True,8,New Theory,10,0.2,0.8
614,cycle,True,2,Old Theory,10,0.2,0.8
615,cycle,True,7,New Theory,10,0.2,0.8
616,cycle,True,8,New Theory,10,0.2,0.8
617,cycle,True,1,Old Theory,10,0.2,0.8
618,cycle,True,11,New Theory,10,0.2,0.8
619,cycle,True,6,New Theory,10,0.2,0.8
620,cycle,True,10,New Theory,10,0.2,0.8
621,cycle,True,8,New Theory,10,0.2,0.8
622,cycle,True,1,Old Theory,10,0.2,0.8
623,cycle,True,8,New Theory,10,0.2,0.8
624,cycle,True,2,Old Theory,10,0.2,0.8
625,cycle,True,1,Old Theory,10,0.2,0.8
626,cycle,True,8,New Theory,10,0.2,0.8
627,cycle,True,7,New Theory,10,0.2,0.8
628,cycle,True,7,New Theory,10,0.2,0.8
629,cycle,True,6,New Theory,10,0.2,0.8
630,cycle,True,2,Old Theory,10,0.2,0.8
631,cycle,True,1,Old Theory,10,0.2,0.8
632,cycle,True,9,New Theory,10,0.2,0.8
633,cycle,True,11,New Theory,10,0.2,0.8
634,cycle,True,8,New Theory,10,0.2,0.8
635,cycle,True,1,Old Theory,10,0.2,0.8
636,cycle,True,9,New Theory,10,0.2,0.8
637,cycle,True,8,New Theory,10,0.2,0.8
638,cycle,True,2,Old Theory,10,0.2,0.8
639,cycle,True,6,New Theory,10,0.2,0.8
640,cycle,True,6,New Theory,10,0.2,0.8
641,cycle,True,10,New Theory,10,0.2,0.8
642,cycle,True,6,New Theory,10,0.2,0.8
643,cycle,True,8,New Theory,10,0.2,0.8
644,cycle,True,2,Old Theory,10,0.2,0.8
645,cycle,True,9,New Theory,10,0.2,0.8
646,cycle,True,2,Old Theory,10,0.2,0.8
647,cycle,True,6,New Theory,10,0.2,0.8
648,cycle,True,1,Old Theory,10,0.2,0.8
649,cycle,True,8,New Theory,10,0.2,0.8
650,cycle,True,8,New Theory,10,0.2,0.8
651,cycle,True,1,Old Theory,10,0.2,0.8
652,cycle,True,9,New Theory,10,0.2,0.8
653,cycle,True,9,New Theory,10,0.2,0.8
654,cycle,True,1,Old Theory,10,0.2,0.8
655,cycle,True,7,New Theory,10,0.2,0.8
656,cycle,True,8,New Theory,10,0.2,0.8
657,cycle,True,7,New Theory,10,0.2,0.8
658,cycle,True,1,Old Theory,10,0.2,0.8
659,cycle,True,6,New Theory,10,0.2,0.8
660,cycle,True,11,New Theory,10,0.2,0.8
661,cycle,True,12,New Theory,10,0.2,0.8
662,cycle,True,2,Old Theory,10,0.2,0.8
663,cycle,True,7,New Theory,10,0.2,0.8
664,cycle,True,1,Old Theory,10,0.2,0.8
665,cycle,True,6,New Theory,10,0.2,0.8
666,cycle,True,1,Old Theory,10,0.2,0.8
667,cycle,True,6,New Theory,10,0.2,0.8
668,cycle,True,3,Old Theory,10,0.2,0.8
669,cycle,True,1,Old Theory,10,0.2,0.8
670,cycle,True,7,New Theory,10,0.2,0.8
671,cycle,True,7,New Theory,10,0.2,0.8
672,cycle,True,1,Old Theory,10,0.2,0.8
673,cycle,True,7,New Theory,10,0.2,0.8
674,cycle,True,7,New Theory,10,0.2,0.8
675,cycle,True,1,Old Theory,10,0.2,0.8
676,cycle,True,8,New Theory,10,0.2,0.8
677,cycle,True,7,New Theory,10,0.2,0.8
678,cycle,True,2,Old Theory,10,0.2,0.8
679,cycle,True,8,New Theory,10,0.2,0.8
680,cycle,True,12,New Theory,10,0.2,0.8
681,cycle,True,1,Old Theory,10,0.2,0.8
682,cycle,True,8,New Theory,10,0.2,0.8
683,cycle,True,9,New Theory,10,0.2,0.8
684,cycle,True,8,New Theory,10,0.2,0.8
685,cycle,True,11,New Theory,10,0.2,0.8
686,cycle,True,7,New Theory,10,0.2,0.8
687,cycle,True,10,New Theory,10,0.2,0.8
688,cycle,True,1,Old Theory,10,0.2,0.8
689,cycle,True,2,Old Theory,10,0.2,0.8
690,cycle,True,7,New Theory,10,0.2,0.8
691,cycle,True,8,New Theory,10,0.2,0.8
692,cycle,True,1,Old Theory,10,0.2,0.8
693,cycle,True,10,New Theory,10,0.2,0.8
694,cycle,True,8,New Theory,10,0.2,0.8
695,cycle,True,5,New Theory,10,0.2,0.8
696,cycle,True,2,Old Theory,10,0.2,0.8
697,cycle,True,7,New Theory,10,0.2,0.8
698,cycle,True,3,Old Theory,10,0.2,0.8
699,cycle,True,8,New Theory,10,0.2,0.8
700,cycle,True,8,New Theory,10,0.2,0.8
701,cycle,True,3,Old Theory,10,0.2,0.8
702,cycle,True,1,Old Theory,10,0.2,0.8
703,cycle,True,10,New Theory,10,0.2,0.8
704,cycle,True,1,Old Theory,10,0.2,0.8
705,cycle,True,10,New Theory,10,0.2,0.8
706,cycle,True,1,Old Theory,10,0.2,0.8
707,cycle,True,7,New Theory,10,0.2,0.8
708,cycle,True,9,New Theory,10,0.2,0.8
709,cycle,True,7,New Theory,10,0.2,0.8
710,cycle,True,7,New Theory,10,0.2,0.8
711,cycle,True,7,New Theory,10,0.2,0.8
712,cycle,True,8,New Theory,10,0.2,0.8
713,cycle,True,1,Old Theory,10,0.2,0.8
714,cycle,True,1,Old Theory,10,0.2,0.8
715,cycle,True,1,Old Theory,10,0.2,0.8
716,cycle,True,8,New Theory,10,0.2,0.8
717,cycle,True,1,Old Theory,10,0.2,0.8
718,cycle,True,7,New Theory,10,0.2,0.8
719,cycle,True,8,New Theory,10,0.2,0.8
720,cycle,True,7,New Theory,10,0.2,0.8
721,cycle,True,13,New Theory,10,0.2,0.8
722,cycle,True,10,New Theory,10,0.2,0.8
723,cycle,True,8,New Theory,10,0.2,0.8
724,cycle,True,3,Old Theory,10,0.2,0.8
725,cycle,True,6,New Theory,10,0.2,0.8
726,cycle,True,1,Old Theory,10,0.2,0.8
727,cycle,True,1,Old Theory,10,0.2,0.8
728,cycle,True,5,New Theory,10,0.2,0.8
729,cycle,True,6,New Theory,10,0.2,0.8
730,cycle,True,8,New Theory,10,0.2,0.8
731,cycle,True,8,New Theory,10,0.2,0.8
732,cycle,True,10,New Theory,10,0.2,0.8
733,cycle,True,8,New Theory,10,0.2,0.8
734,cycle,True,7,New Theory,10,0.2,0.8
735,cycle,True,7,New Theory,10,0.2,0.8
736,cycle,True,7,New Theory,10,0.2,0.8
737,cycle,True,7,New Theory,10,0.2,0.8
738,cycle,True,2,Old Theory,10,0.2,0.8
739,cycle,True,9,New Theory,10,0.2,0.8
740,cycle,True,8,New Theory,10,0.2,0.8
741,cycle,True,9,New Theory,10,0.2,0.8
742,cycle,True,1,Old Theory,10,0.2,0.8
743,cycle,True,9,New Theory,10,0.2,0.8
744,cycle,True,8,New Theory,10,0.2,0.8
745,cycle,True,6,New Theory,10,0.2,0.8
746,cycle,True,1,Old Theory,10,0.2,0.8
747,cycle,True,7,New Theory,10,0.2,0.8
748,cycle,True,3,Old Theory,10,0.2,0.8
749,cycle,True,7,New Theory,10,0.2,0.8
750,cycle,True,2,Old Theory,10,0.2,0.8
751,cycle,True,1,Old Theory,10,0.2,0.8
752,cycle,True,14,New Theory,10,0.2,0.8
753,cycle,True,1,Old Theory,10,0.2,0.8
754,cycle,True,1,Old Theory,10,0.2,0.8
755,cycle,True,7,New Theory,10,0.2,0.8
756,cycle,True,2,Old Theory,10,0.2,0.8
757,cycle,True,7,New Theory,10,0.2,0.8
758,cycle,True,1,Old Theory,10,0.2,0.8
759,cycle,True,3,Old Theory,10,0.2,0.8
760,cycle,True,2,Old Theory,10,0.2,0.8
761,cycle,True,1,Old Theory,10,0.2,0.8
762,cycle,True,1,Old Theory,10,0.2,0.8
763,cycle,True,2,Old Theory,10,0.2,0.8
764,cycle,True,1,Old Theory,10,0.2,0.8
765,cycle,True,8,New Theory,10,0.2,0.8
766,cycle,True,6,New Theory,10,0.2,0.8
767,cycle,True,6,New Theory,10,0.2,0.8
768,cycle,True,1,Old Theory,10,0.2,0.8
769,cycle,True,9,New Theory,10,0.2,0.8
770,cycle,True,8,New Theory,10,0.2,0.8
771,cycle,True,6,New Theory,10,0.2,0.8
772,cycle,True,1,Old Theory,10,0.2,0.8
773,cycle,True,7,New Theory,10,0.2,0.8
774,cycle,True,3,Old Theory,10,0.2,0.8
775,cycle,True,2,Old Theory,10,0.2,0.8
776,cycle,True,9,New Theory,10,0.2,0.8
777,cycle,True,7,New Theory,10,0.2,0.8
778,cycle,True,1,Old Theory,10,0.2,0.8
779,cycle,True,7,New Theory,10,0.2,0.8
780,cycle,True,1,Old Theory,10,0.2,0.8
781,cycle,True,6,New Theory,10,0.2,0.8
782,cycle,True,10,New Theory,10,0.2,0.8
783,cycle,True,1,Old Theory,10,0.2,0.8
784,cycle,True,7,New Theory,10,0.2,0.8
785,cycle,True,1,Old Theory,10,0.2,0.8
786,cycle,True,8,New Theory,10,0.2,0.8
787,cycle,True,8,New Theory,10,0.2,0.8
788,cycle,True,8,New Theory,10,0.2,0.8
789,cycle,True,7,New Theory,10,0.2,0.8
790,cycle,True,4,Old Theory,10,0.2,0.8
791,cycle,True,3,Old Theory,10,0.2,0.8
792,cycle,True,9,New Theory,10,0.2,0.8
793,cycle,True,8,New Theory,10,0.2,0.8
794,cycle,True,8,New Theory,10,0.2,0.8
795,cycle,True,7,New Theory,10,0.2,0.8
796,cycle,True,7,New Theory,10,0.2,0.8
797,cycle,True,8,New Theory,10,0.2,0.8
798,cycle,True,6,New Theory,10,0.2,0.8
799,cycle,True,6,New Theory,10,0.2,0.8
800,cycle,True,6,New Theory,10,0.2,0.8
801,cycle,True,9,New Theory,10,0.2,0.8
802,cycle,True,2,Old Theory,10,0.2,0.8
803,cycle,True,1,Old Theory,10,0.2,0.8
804,cycle,True,7,New Theory,10,0.2,0.8
805,cycle,True,1,Old Theory,10,0.2,0.8
806,cycle,True,2,Old Theory,10,0.2,0.8
807,cycle,True,11,New Theory,10,0.2,0.8
808,cycle,True,2,Old Theory,10,0.2,0.8
809,cycle,True,7,New Theory,10,0.2,0.8
810,cycle,True,2,Old Theory,10,0.2,0.8
811,cycle,True,7,New Theory,10,0.2,0.8
812,cycle,True,2,Old Theory,10,0.2,0.8
813,cycle,True,9,New Theory,10,0.2,0.8
814,cycle,True,2,Old Theory,10,0.2,0.8
815,cycle,True,2,Old Theory,10,0.2,0.8
816,cycle,True,11,New Theory,10,0.2,0.8
817,cycle,True,5,New Theory,10,0.2,0.8
818,cycle,True,10,New Theory,10,0.2,0.8
819,cycle,True,7,New Theory,10,0.2,0.8
820,cycle,True,10,New Theory,10,0.2,0.8
821,cycle,True,10,New Theory,10,0.2,0.8
822,cycle,True,8,New Theory,10,0.2,0.8
823,cycle,True,7,New Theory,10,0.2,0.8
824,cycle,True,6,New Theory,10,0.2,0.8
825,cycle,True,7,New Theory,10,0.2,0.8
826,cycle,True,10,New Theory,10,0.2,0.8
827,cycle,True,2,Old Theory,10,0.2,0.8
828,cycle,True,4,Old Theory,10,0.2,0.8
829,cycle,True,11,New Theory,10,0.2,0.8
830,cycle,True,6,New Theory,10,0.2,0.8
831,cycle,True,3,Old Theory,10,0.2,0.8
832,cycle,True,7,New Theory,10,0.2,0.8
833,cycle,True,6,New Theory,10,0.2,0.8
834,cycle,True,2,Old Theory,10,0.2,0.8
835,cycle,True,8,New Theory,10,0.2,0.8
836,cycle,True,7,New Theory,10,0.2,0.8
837,cycle,True,7,New Theory,10,0.2,0.8
838,cycle,True,2,Old Theory,10,0.2,0.8
839,cycle,True,8,New Theory,10,0.2,0.8
840,cycle,True,1,Old Theory,10,0.2,0.8
841,cycle,True,8,New Theory,10,0.2,0.8
842,cycle,True,1,Old Theory,10,0.2,0.8
843,cycle,True,6,New Theory,10,0.2,0.8
844,cycle,True,8,New Theory,10,0.2,0.8
845,cycle,True,8,New Theory,10,0.2,0.8
846,cycle,True,8,New Theory,10,0.2,0.8
847,cycle,True,10,New Theory,10,0.2,0.8
848,cycle,True,10,New Theory,10,0.2,0.8
849,cycle,True,8,New Theory,10,0.2,0.8
850,cycle,True,8,New Theory,10,0.2,0.8
851,cycle,True,1,Old Theory,10,0.2,0.8
852,cycle,True,10,New Theory,10,0.2,0.8
853,cycle,True,8,New Theory,10,0.2,0.8
854,cycle,True,1,Old Theory,10,0.2,0.8
855,cycle,True,1,Old Theory,10,0.2,0.8
856,cycle,True,1,Old Theory,10,0.2,0.8
857,cycle,True,1,Old Theory,10,0.2,0.8
858,cycle,True,9,New Theory,10,0.2,0.8
859,cycle,True,9,New Theory,10,0.2,0.8
860,cycle,True,8,New Theory,10,0.2,0.8
861,cycle,True,7,New Theory,10,0.2,0.8
862,cycle,True,7,New Theory,10,0.2,0.8
863,cycle,True,9,New Theory,10,0.2,0.8
864,cycle,True,8,New Theory,10,0.2,0.8
865,cycle,True,11,New Theory,10,0.2,0.8
866,cycle,True,8,New Theory,10,0.2,0.8
867,cycle,True,9,New Theory,10,0.2,0.8
868,cycle,True,8,New Theory,10,0.2,0.8
869,cycle,True,6,New Theory,10,0.2,0.8
870,cycle,True,1,Old Theory,10,0.2,0.8
871,cycle,True,9,New Theory,10,0.2,0.8
872,cycle,True,1,Old Theory,10,0.2,0.8
873,cycle,True,1,Old Theory,10,0.2,0.8
874,cycle,True,8,New Theory,10,0.2,0.8
875,cycle,True,3,Old Theory,10,0.2,0.8
876,cycle,True,6,New Theory,10,0.2,0.8
877,cycle,True,9,New Theory,10,0.2,0.8
878,cycle,True,7,New Theory,10,0.2,0.8
879,cycle,True,1,Old Theory,10,0.2,0.8
880,cycle,True,2,Old Theory,10,0.2,0.8
881,cycle,True,7,New Theory,10,0.2,0.8
882,cycle,True,2,Old Theory,10,0.2,0.8
883,cycle,True,8,New Theory,10,0.2,0.8
884,cycle,True,7,New Theory,10,0.2,0.8
885,cycle,True,8,New Theory,10,0.2,0.8
886,cycle,True,2,Old Theory,10,0.2,0.8
887,cycle,True,9,New Theory,10,0.2,0.8
888,cycle,True,1,Old Theory,10,0.2,0.8
889,cycle,True,8,New Theory,10,0.2,0.8
890,cycle,True,8,New Theory,10,0.2,0.8
891,cycle,True,5,New Theory,10,0.2,0.8
892,cycle,True,9,New Theory,10,0.2,0.8
893,cycle,True,8,New Theory,10,0.2,0.8
894,cycle,True,2,Old Theory,10,0.2,0.8
895,cycle,True,1,Old Theory,10,0.2,0.8
896,cycle,True,1,Old Theory,10,0.2,0.8
897,cycle,True,10,New Theory,10,0.2,0.8
898,cycle,True,2,Old Theory,10,0.2,0.8
899,cycle,True,2,Old Theory,10,0.2,0.8
900,cycle,True,9,New Theory,10,0.2,0.8
901,cycle,True,11,New Theory,10,0.2,0.8
902,cycle,True,8,New Theory,10,0.2,0.8
903,cycle,True,1,Old Theory,10,0.2,0.8
904,cycle,True,7,New Theory,10,0.2,0.8
905,cycle,True,1,Old Theory,10,0.2,0.8
906,cycle,True,8,New Theory,10,0.2,0.8
907,cycle,True,5,New Theory,10,0.2,0.8
908,cycle,True,7,New Theory,10,0.2,0.8
909,cycle,True,7,New Theory,10,0.2,0.8
910,cycle,True,1,Old Theory,10,0.2,0.8
911,cycle,True,6,New Theory,10,0.2,0.8
912,cycle,True,3,Old Theory,10,0.2,0.8
913,cycle,True,8,New Theory,10,0.2,0.8
914,cycle,True,9,New Theory,10,0.2,0.8
915,cycle,True,2,Old Theory,10,0.2,0.8
916,cycle,True,6,New Theory,10,0.2,0.8
917,cycle,True,7,New Theory,10,0.2,0.8
918,cycle,True,2,Old Theory,10,0.2,0.8
919,cycle,True,1,Old Theory,10,0.2,0.8
920,cycle,True,3,Old Theory,10,0.2,0.8
921,cycle,True,1,Old Theory,10,0.2,0.8
922,cycle,True,11,New Theory,10,0.2,0.8
923,cycle,True,9,New Theory,10,0.2,0.8
924,cycle,True,9,New Theory,10,0.2,0.8
925,cycle,True,8,New Theory,10,0.2,0.8
926,cycle,True,5,New Theory,10,0.2,0.8
927,cycle,True,10,New Theory,10,0.2,0.8
928,cycle,True,1,Old Theory,10,0.2,0.8
929,cycle,True,8,New Theory,10,0.2,0.8
930,cycle,True,6,New Theory,10,0.2,0.8
931,cycle,True,1,Old Theory,10,0.2,0.8
932,cycle,True,7,New Theory,10,0.2,0.8
933,cycle,True,9,New Theory,10,0.2,0.8
934,cycle,True,4,Old Theory,10,0.2,0.8
935,cycle,True,1,Old Theory,10,0.2,0.8
936,cycle,True,5,New Theory,10,0.2,0.8
937,cycle,True,8,New Theory,10,0.2,0.8
938,cycle,True,9,New Theory,10,0.2,0.8
939,cycle,True,7,New Theory,10,0.2,0.8
940,cycle,True,9,New Theory,10,0.2,0.8
941,cycle,True,3,Old Theory,10,0.2,0.8
942,cycle,True,7,New Theory,10,0.2,0.8
943,cycle,True,8,New Theory,10,0.2,0.8
944,cycle,True,6,New Theory,10,0.2,0.8
945,cycle,True,6,New Theory,10,0.2,0.8
946,cycle,True,7,New Theory,10,0.2,0.8
947,cycle,True,6,New Theory,10,0.2,0.8
948,cycle,True,9,New Theory,10,0.2,0.8
949,cycle,True,2,Old Theory,10,0.2,0.8
950,cycle,True,7,New Theory,10,0.2,0.8
951,cycle,True,12,New Theory,10,0.2,0.8
952,cycle,True,10,New Theory,10,0.2,0.8
953,cycle,True,7,New Theory,10,0.2,0.8
954,cycle,True,8,New Theory,10,0.2,0.8
955,cycle,True,1,Old Theory,10,0.2,0.8
956,cycle,True,7,New Theory,10,0.2,0.8
957,cycle,True,8,New Theory,10,0.2,0.8
958,cycle,True,8,New Theory,10,0.2,0.8
959,cycle,True,7,New Theory,10,0.2,0.8
960,cycle,True,9,New Theory,10,0.2,0.8
961,cycle,True,10,New Theory,10,0.2,0.8
962,cycle,True,1,Old Theory,10,0.2,0.8
963,cycle,True,6,New Theory,10,0.2,0.8
964,cycle,True,3,Old Theory,10,0.2,0.8
965,cycle,True,9,New Theory,10,0.2,0.8
966,cycle,True,9,New Theory,10,0.2,0.8
967,cycle,True,2,Old Theory,10,0.2,0.8
968,cycle,True,1,Old Theory,10,0.2,0.8
969,cycle,True,1,Old Theory,10,0.2,0.8
970,cycle,True,1,Old Theory,10,0.2,0.8
971,cycle,True,9,New Theory,10,0.2,0.8
972,cycle,True,1,Old Theory,10,0.2,0.8
973,cycle,True,6,New Theory,10,0.2,0.8
974,cycle,True,1,Old Theory,10,0.2,0.8
975,cycle,True,4,Old Theory,10,0.2,0.8
976,cycle,True,2,Old Theory,10,0.2,0.8
977,cycle,True,7,New Theory,10,0.2,0.8
978,cycle,True,1,Old Theory,10,0.2,0.8
979,cycle,True,10,New Theory,10,0.2,0.8
980,cycle,True,2,Old Theory,10,0.2,0.8
981,cycle,True,7,New Theory,10,0.2,0.8
982,cycle,True,1,Old Theory,10,0.2,0.8
983,cycle,True,1,Old Theory,10,0.2,0.8
984,cycle,True,12,New Theory,10,0.2,0.8
985,cycle,True,6,New Theory,10,0.2,0.8
986,cycle,True,8,New Theory,10,0.2,0.8
987,cycle,True,9,New Theory,10,0.2,0.8
988,cycle,True,9,New Theory,10,0.2,0.8
989,cycle,True,8,New Theory,10,0.2,0.8
990,cycle,True,9,New Theory,10,0.2,0.8
991,cycle,True,9,New Theory,10,0.2,0.8
992,cycle,True,11,New Theory,10,0.2,0.8
993,cycle,True,1,Old Theory,10,0.2,0.8
994,cycle,True,8,New Theory,10,0.2,0.8
995,cycle,True,12,New Theory,10,0.2,0.8
996,cycle,True,1,Old Theory,10,0.2,0.8
997,cycle,True,8,New Theory,10,0.2,0.8
998,cycle,True,6,New Theory,10,0.2,0.8
999,cycle,True,3,Old Theory,10,0.2,0.8
1000,cycle,True,7,New Theory,10,0.2,0.8
1001,cycle,True,1,Old Theory,10,0.2,0.8
1002,cycle,True,7,New Theory,10,0.2,0.8
1003,cycle,True,8,New Theory,10,0.2,0.8
1004,cycle,True,8,New Theory,10,0.2,0.8
1005,cycle,True,8,New Theory,10,0.2,0.8
1006,cycle,True,3,Old Theory,10,0.2,0.8
1007,cycle,True,7,New Theory,10,0.2,0.8
1008,cycle,True,8,New Theory,10,0.2,0.8
1009,cycle,True,12,New Theory,10,0.2,0.8
1010,cycle,True,1,Old Theory,10,0.2,0.8
1011,cycle,True,2,Old Theory,10,0.2,0.8
1012,cycle,True,8,New Theory,10,0.2,0.8
1013,cycle,True,7,New Theory,10,0.2,0.8
1014,cycle,True,7,New Theory,10,0.2,0.8
1015,cycle,True,2,Old Theory,10,0.2,0.8
1016,cycle,True,4,Old Theory,10,0.2,0.8
1017,cycle,True,7,New Theory,10,0.2,0.8
1018,cycle,True,2,Old Theory,10,0.2,0.8
1019,cycle,True,7,New Theory,10,0.2,0.8
1020,cycle,True,1,Old Theory,10,0.2,0.8
1021,cycle,True,10,New Theory,10,0.2,0.8
1022,cycle,True,7,New Theory,10,0.2,0.8
1023,cycle,True,2,Old Theory,10,0.2,0.8
1024,cycle,True,2,Old Theory,10,0.2,0.8
1025,cycle,True,8,New Theory,10,0.2,0.8
1026,cycle,True,9,New Theory,10,0.2,0.8
1027,cycle,True,11,New Theory,10,0.2,0.8
1028,cycle,True,6,New Theory,10,0.2,0.8
1029,cycle,True,2,Old Theory,10,0.2,0.8
1030,cycle,True,1,Old Theory,10,0.2,0.8
1031,cycle,True,7,New Theory,10,0.2,0.8
1032,cycle,True,10,New Theory,10,0.2,0.8
1033,cycle,True,5,New Theory,10,0.2,0.8
1034,cycle,True,6,New Theory,10,0.2,0.8
1035,cycle,True,8,New Theory,10,0.2,0.8
1036,cycle,True,1,Old Theory,10,0.2,0.8
1037,cycle,True,8,New Theory,10,0.2,0.8
1038,cycle,True,10,New Theory,10,0.2,0.8
1039,cycle,True,11,New Theory,10,0.2,0.8
1040,cycle,True,10,New Theory,10,0.2,0.8
1041,cycle,True,8,New Theory,10,0.2,0.8
1042,cycle,True,7,New Theory,10,0.2,0.8
1043,cycle,True,7,New Theory,10,0.2,0.8
1044,cycle,True,1,Old Theory,10,0.2,0.8
1045,cycle,True,1,Old Theory,10,0.2,0.8
1046,cycle,True,6,New Theory,10,0.2,0.8
1047,cycle,True,1,Old Theory,10,0.2,0.8
1048,cycle,True,7,New Theory,10,0.2,0.8
1049,cycle,True,1,Old Theory,10,0.2,0.8
1050,cycle,True,2,Old Theory,10,0.2,0.8
1051,cycle,True,3,Old Theory,10,0.2,0.8
1052,cycle,True,6,New Theory,10,0.2,0.8
1053,cycle,True,6,New Theory,10,0.2,0.8
1054,cycle,True,3,Old Theory,10,0.2,0.8
1055,cycle,True,8,New Theory,10,0.2,0.8
1056,cycle,True,7,New Theory,10,0.2,0.8
1057,cycle,True,6,New Theory,10,0.2,0.8
1058,cycle,True,2,Old Theory,10,0.2,0.8
1059,cycle,True,6,New Theory,10,0.2,0.8
1060,cycle,True,8,New Theory,10,0.2,0.8
1061,cycle,True,7,New Theory,10,0.2,0.8
1062,cycle,True,6,New Theory,10,0.2,0.8
1063,cycle,True,1,Old Theory,10,0.2,0.8
1064,cycle,True,11,New Theory,10,0.2,0.8
1065,cycle,True,1,Old Theory,10,0.2,0.8
1066,cycle,True,7,New Theory,10,0.2,0.8
1067,cycle,True,10,New Theory,10,0.2,0.8
1068,cycle,True,7,New Theory,10,0.2,0.8
1069,cycle,True,2,Old Theory,10,0.2,0.8
1070,cycle,True,7,New Theory,10,0.2,0.8
1071,cycle,True,1,Old Theory,10,0.2,0.8
1072,cycle,True,7,New Theory,10,0.2,0.8
1073,cycle,True,1,Old Theory,10,0.2,0.8
1074,cycle,True,7,New Theory,10,0.2,0.8
1075,cycle,True,9,New Theory,10,0.2,0.8
1076,cycle,True,1,Old Theory,10,0.2,0.8
1077,cycle,True,7,New Theory,10,0.2,0.8
1078,cycle,True,9,New Theory,10,0.2,0.8
1079,cycle,True,4,Old Theory,10,0.2,0.8
1080,cycle,True,1,Old Theory,10,0.2,0.8
1081,cycle,True,1,Old Theory,10,0.2,0.8
1082,cycle,True,7,New Theory,10,0.2,0.8
1083,cycle,True,1,Old Theory,10,0.2,0.8
1084,cycle,True,1,Old Theory,10,0.2,0.8
1085,cycle,True,7,New Theory,10,0.2,0.8
1086,cycle,True,7,New Theory,10,0.2,0.8
1087,cycle,True,9,New Theory,10,0.2,0.8
1088,cycle,True,9,New Theory,10,0.2,0.8
1089,cycle,True,13,New Theory,10,0.2,0.8
1090,cycle,True,2,Old Theory,10,0.2,0.8
1091,cycle,True,7,New Theory,10,0.2,0.8
1092,cycle,True,1,Old Theory,10,0.2,0.8
1093,cycle,True,7,New Theory,10,0.2,0.8
1094,cycle,True,8,New Theory,10,0.2,0.8
1095,cycle,True,6,New Theory,10,0.2,0.8
1096,cycle,True,10,New Theory,10,0.2,0.8
1097,cycle,True,1,Old Theory,10,0.2,0.8
1098,cycle,True,12,New Theory,10,0.2,0.8
1099,cycle,True,2,Old Theory,10,0.2,0.8
1100,cycle,True,10,New Theory,10,0.2,0.8
1101,cycle,True,11,New Theory,10,0.2,0.8
1102,cycle,True,8,New Theory,10,0.2,0.8
1103,cycle,True,4,Old Theory,10,0.2,0.8
1104,cycle,True,10,New Theory,10,0.2,0.8
1105,cycle,True,2,Old Theory,10,0.2,0.8
1106,cycle,True,6,New Theory,10,0.2,0.8
1107,cycle,True,11,New Theory,10,0.2,0.8
1108,cycle,True,3,Old Theory,10,0.2,0.8
1109,cycle,True,1,Old Theory,10,0.2,0.8
1110,cycle,True,8,New Theory,10,0.2,0.8
1111,cycle,True,9,New Theory,10,0.2,0.8
1112,cycle,True,5,Old Theory,10,0.2,0.8
1113,cycle,True,6,New Theory,10,0.2,0.8
1114,cycle,True,6,New Theory,10,0.2,0.8
1115,cycle,True,9,New Theory,10,0.2,0.8
1116,cycle,True,10,New Theory,10,0.2,0.8
1117,cycle,True,11,New Theory,10,0.2,0.8
1118,cycle,True,3,Old Theory,10,0.2,0.8
1119,cycle,True,1,Old Theory,10,0.2,0.8
1120,cycle,True,8,New Theory,10,0.2,0.8
1121,cycle,True,8,New Theory,10,0.2,0.8
1122,cycle,True,8,New Theory,10,0.2,0.8
1123,cycle,True,7,New Theory,10,0.2,0.8
1124,cycle,True,9,New Theory,10,0.2,0.8
1125,cycle,True,10,New Theory,10,0.2,0.8
1126,cycle,True,7,New Theory,10,0.2,0.8
1127,cycle,True,7,New Theory,10,0.2,0.8
1128,cycle,True,8,New Theory,10,0.2,0.8
1129,cycle,True,2,Old Theory,10,0.2,0.8
1130,cycle,True,11,New Theory,10,0.2,0.8
1131,cycle,True,9,New Theory,10,0.2,0.8
1132,cycle,True,7,New Theory,10,0.2,0.8
1133,cycle,True,5,New Theory,10,0.2,0.8
1134,cycle,True,7,New Theory,10,0.2,0.8
1135,cycle,True,6,New Theory,10,0.2,0.8
1136,cycle,True,9,New Theory,10,0.2,0.8
1137,cycle,True,6,New Theory,10,0.2,0.8
1138,cycle,True,1,Old Theory,10,0.2,0.8
1139,cycle,True,2,Old Theory,10,0.2,0.8
1140,cycle,True,9,New Theory,10,0.2,0.8
1141,cycle,True,7,New Theory,10,0.2,0.8
1142,cycle,True,1,Old Theory,10,0.2,0.8
1143,cycle,True,1,Old Theory,10,0.2,0.8
1144,cycle,True,8,New Theory,10,0.2,0.8
1145,cycle,True,2,Old Theory,10,0.2,0.8
1146,cycle,True,7,New Theory,10,0.2,0.8
1147,cycle,True,10,New Theory,10,0.2,0.8
1148,cycle,True,8,New Theory,10,0.2,0.8
1149,cycle,True,12,New Theory,10,0.2,0.8
1150,cycle,True,3,Old Theory,10,0.2,0.8
1151,cycle,True,10,New Theory,10,0.2,0.8
1152,cycle,True,7,New Theory,10,0.2,0.8
1153,cycle,True,8,New Theory,10,0.2,0.8
1154,cycle,True,1,Old Theory,10,0.2,0.8
1155,cycle,True,8,New Theory,10,0.2,0.8
1156,cycle,True,8,New Theory,10,0.2,0.8
1157,cycle,True,10,New Theory,10,0.2,0.8
1158,cycle,True,1,Old Theory,10,0.2,0.8
1159,cycle,True,6,New Theory,10,0.2,0.8
1160,cycle,True,8,New Theory,10,0.2,0.8
1161,cycle,True,1,Old Theory,10,0.2,0.8
1162,cycle,True,7,New Theory,10,0.2,0.8
1163,cycle,True,10,New Theory,10,0.2,0.8
1164,cycle,True,10,New Theory,10,0.2,0.8
1165,cycle,True,6,New Theory,10,0.2,0.8
1166,cycle,True,7,New Theory,10,0.2,0.8
1167,cycle,True,2,Old Theory,10,0.2,0.8
1168,cycle,True,6,New Theory,10,0.2,0.8
1169,cycle,True,1,Old Theory,10,0.2,0.8
1170,cycle,True,4,Old Theory,10,0.2,0.8
1171,cycle,True,8,New Theory,10,0.2,0.8
1172,cycle,True,1,Old Theory,10,0.2,0.8
1173,cycle,True,8,New Theory,10,0.2,0.8
1174,cycle,True,2,Old Theory,10,0.2,0.8
1175,cycle,True,5,New Theory,10,0.2,0.8
1176,cycle,True,6,New Theory,10,0.2,0.8
1177,cycle,True,5,New Theory,10,0.2,0.8
1178,cycle,True,9,New Theory,10,0.2,0.8
1179,cycle,True,6,New Theory,10,0.2,0.8
1180,cycle,True,2,Old Theory,10,0.2,0.8
1181,cycle,True,2,Old Theory,10,0.2,0.8
1182,cycle,True,9,New Theory,10,0.2,0.8
1183,cycle,True,11,New Theory,10,0.2,0.8
1184,cycle,True,9,New Theory,10,0.2,0.8
1185,cycle,True,3,Old Theory,10,0.2,0.8
1186,cycle,True,2,Old Theory,10,0.2,0.8
1187,cycle,True,8,New Theory,10,0.2,0.8
1188,cycle,True,8,New Theory,10,0.2,0.8
1189,cycle,True,6,New Theory,10,0.2,0.8
1190,cycle,True,6,New Theory,10,0.2,0.8
1191,cycle,True,10,New Theory,10,0.2,0.8
1192,cycle,True,7,New Theory,10,0.2,0.8
1193,cycle,True,1,Old Theory,10,0.2,0.8
1194,cycle,True,8,New Theory,10,0.2,0.8
1195,cycle,True,6,New Theory,10,0.2,0.8
1196,cycle,True,2,Old Theory,10,0.2,0.8
1197,cycle,True,3,Old Theory,10,0.2,0.8
1198,cycle,True,8,New Theory,10,0.2,0.8
1199,cycle,True,1,Old Theory,10,0.2,0.8
1200,cycle,True,6,New Theory,10,0.2,0.8
1201,cycle,True,2,Old Theory,10,0.2,0.8
1202,cycle,True,10,New Theory,10,0.2,0.8
1203,cycle,True,9,New Theory,10,0.2,0.8
1204,cycle,True,2,Old Theory,10,0.2,0.8
1205,cycle,True,8,New Theory,10,0.2,0.8
1206,cycle,True,1,Old Theory,10,0.2,0.8
1207,cycle,True,7,New Theory,10,0.2,0.8
1208,cycle,True,2,Old Theory,10,0.2,0.8
1209,cycle,True,9,New Theory,10,0.2,0.8
1210,cycle,True,2,Old Theory,10,0.2,0.8
1211,cycle,True,8,New Theory,10,0.2,0.8
1212,cycle,True,2,Old Theory,10,0.2,0.8
1213,cycle,True,2,Old Theory,10,0.2,0.8
1214,cycle,True,7,New Theory,10,0.2,0.8
1215,cycle,True,6,New Theory,10,0.2,0.8
1216,cycle,True,6,New Theory,10,0.2,0.8
1217,cycle,True,1,Old Theory,10,0.2,0.8
1218,cycle,True,10,New Theory,10,0.2,0.8
1219,cycle,True,1,Old Theory,10,0.2,0.8
1220,cycle,True,8,New Theory,10,0.2,0.8
1221,cycle,True,8,New Theory,10,0.2,0.8
1222,cycle,True,7,New Theory,10,0.2,0.8
1223,cycle,True,7,New Theory,10,0.2,0.8
1224,cycle,True,7,New Theory,10,0.2,0.8
1225,cycle,True,9,New Theory,10,0.2,0.8
1226,cycle,True,9,New Theory,10,0.2,0.8
1227,cycle,True,5,New Theory,10,0.2,0.8
1228,cycle,True,1,Old Theory,10,0.2,0.8
1229,cycle,True,9,New Theory,10,0.2,0.8
1230,cycle,True,7,New Theory,10,0.2,0.8
1231,cycle,True,1,Old Theory,10,0.2,0.8
1232,cycle,True,1,Old Theory,10,0.2,0.8
1233,cycle,True,9,New Theory,10,0.2,0.8
1234,cycle,True,7,New Theory,10,0.2,0.8
1235,cycle,True,8,New Theory,10,0.2,0.8
1236,cycle,True,9,New Theory,10,0.2,0.8
1237,cycle,True,8,New Theory,10,0.2,0.8
1238,cycle,True,7,New Theory,10,0.2,0.8
1239,cycle,True,1,Old Theory,10,0.2,0.8
1240,cycle,True,1,Old Theory,10,0.2,0.8
1241,cycle,True,11,New Theory,10,0.2,0.8
1242,cycle,True,4,Old Theory,10,0.2,0.8
1243,cycle,True,11,New Theory,10,0.2,0.8
1244,cycle,True,8,New Theory,10,0.2,0.8
1245,cycle,True,9,New Theory,10,0.2,0.8
1246,cycle,True,7,New Theory,10,0.2,0.8
1247,cycle,True,3,Old Theory,10,0.2,0.8
1248,cycle,True,9,New Theory,10,0.2,0.8
1249,cycle,True,9,New Theory,10,0.2,0.8
1250,cycle,True,8,New Theory,10,0.2,0.8
1251,cycle,True,9,New Theory,10,0.2,0.8
1252,cycle,True,4,Old Theory,10,0.2,0.8
1253,cycle,True,5,New Theory,10,0.2,0.8
1254,cycle,True,7,New Theory,10,0.2,0.8
1255,cycle,True,10,New Theory,10,0.2,0.8
1256,cycle,True,9,New Theory,10,0.2,0.8
1257,cycle,True,8,New Theory,10,0.2,0.8
1258,cycle,True,1,Old Theory,10,0.2,0.8
1259,cycle,True,8,New Theory,10,0.2,0.8
1260,cycle,True,8,New Theory,10,0.2,0.8
1261,cycle,True,9,New Theory,10,0.2,0.8
1262,cycle,True,6,New Theory,10,0.2,0.8
1263,cycle,True,1,Old Theory,10,0.2,0.8
1264,cycle,True,7,New Theory,10,0.2,0.8
1265,cycle,True,1,Old Theory,10,0.2,0.8
1266,cycle,True,10,New Theory,10,0.2,0.8
1267,cycle,True,9,New Theory,10,0.2,0.8
1268,cycle,True,1,Old Theory,10,0.2,0.8
1269,cycle,True,2,Old Theory,10,0.2,0.8
1270,cycle,True,6,New Theory,10,0.2,0.8
1271,cycle,True,7,New Theory,10,0.2,0.8
1272,cycle,True,7,New Theory,10,0.2,0.8
1273,cycle,True,9,New Theory,10,0.2,0.8
1274,cycle,True,7,New Theory,10,0.2,0.8
1275,cycle,True,8,New Theory,10,0.2,0.8
1276,cycle,True,2,Old Theory,10,0.2,0.8
1277,cycle,True,1,Old Theory,10,0.2,0.8
1278,cycle,True,12,New Theory,10,0.2,0.8
1279,cycle,True,9,New Theory,10,0.2,0.8
1280,cycle,True,1,Old Theory,10,0.2,0.8
1281,cycle,True,1,Old Theory,10,0.2,0.8
1282,cycle,True,10,New Theory,10,0.2,0.8
1283,cycle,True,10,New Theory,10,0.2,0.8
1284,cycle,True,7,New Theory,10,0.2,0.8
1285,cycle,True,10,New Theory,10,0.2,0.8
1286,cycle,True,8,New Theory,10,0.2,0.8
1287,cycle,True,1,Old Theory,10,0.2,0.8
1288,cycle,True,7,New Theory,10,0.2,0.8
1289,cycle,True,8,New Theory,10,0.2,0.8
1290,cycle,True,1,Old Theory,10,0.2,0.8
1291,cycle,True,7,New Theory,10,0.2,0.8
1292,cycle,True,8,New Theory,10,0.2,0.8
1293,cycle,True,3,Old Theory,10,0.2,0.8
1294,cycle,True,5,Old Theory,10,0.2,0.8
1295,cycle,True,7,New Theory,10,0.2,0.8
1296,cycle,True,3,Old Theory,10,0.2,0.8
1297,cycle,True,6,New Theory,10,0.2,0.8
1298,cycle,True,9,New Theory,10,0.2,0.8
1299,cycle,True,7,New Theory,10,0.2,0.8
1300,cycle,True,10,New Theory,10,0.2,0.8
1301,cycle,True,7,New Theory,10,0.2,0.8
1302,cycle,True,7,New Theory,10,0.2,0.8
1303,cycle,True,10,New Theory,10,0.2,0.8
1304,cycle,True,11,New Theory,10,0.2,0.8
1305,cycle,True,8,New Theory,10,0.2,0.8
1306,cycle,True,9,New Theory,10,0.2,0.8
1307,cycle,True,10,New Theory,10,0.2,0.8
1308,cycle,True,5,New Theory,10,0.2,0.8
1309,cycle,True,8,New Theory,10,0.2,0.8
1310,cycle,True,1,Old Theory,10,0.2,0.8
1311,cycle,True,8,New Theory,10,0.2,0.8
1312,cycle,True,7,New Theory,10,0.2,0.8
1313,cycle,True,1,Old Theory,10,0.2,0.8
1314,cycle,True,8,New Theory,10,0.2,0.8
1315,cycle,True,1,Old Theory,10,0.2,0.8
1316,cycle,True,9,New Theory,10,0.2,0.8
1317,cycle,True,1,Old Theory,10,0.2,0.8
1318,cycle,True,3,Old Theory,10,0.2,0.8
1319,cycle,True,8,New Theory,10,0.2,0.8
1320,cycle,True,1,Old Theory,10,0.2,0.8
1321,cycle,True,2,Old Theory,10,0.2,0.8
1322,cycle,True,10,New Theory,10,0.2,0.8
1323,cycle,True,6,New Theory,10,0.2,0.8
1324,cycle,True,7,New Theory,10,0.2,0.8
1325,cycle,True,2,Old Theory,10,0.2,0.8
1326,cycle,True,3,Old Theory,10,0.2,0.8
1327,cycle,True,2,Old Theory,10,0.2,0.8
1328,cycle,True,10,New Theory,10,0.2,0.8
1329,cycle,True,6,New Theory,10,0.2,0.8
1330,cycle,True,9,New Theory,10,0.2,0.8
1331,cycle,True,6,New Theory,10,0.2,0.8
1332,cycle,True,7,New Theory,10,0.2,0.8
1333,cycle,True,9,New Theory,10,0.2,0.8
1334,cycle,True,9,New Theory,10,0.2,0.8
1335,cycle,True,7,New Theory,10,0.2,0.8
1336,cycle,True,6,New Theory,10,0.2,0.8
1337,cycle,True,1,Old Theory,10,0.2,0.8
1338,cycle,True,9,New Theory,10,0.2,0.8
1339,cycle,True,10,New Theory,10,0.2,0.8
1340,cycle,True,2,Old Theory,10,0.2,0.8
1341,cycle,True,1,Old Theory,10,0.2,0.8
1342,cycle,True,1,Old Theory,10,0.2,0.8
1343,cycle,True,8,New Theory,10,0.2,0.8
1344,cycle,True,11,New Theory,10,0.2,0.8
1345,cycle,True,8,New Theory,10,0.2,0.8
1346,cycle,True,8,New Theory,10,0.2,0.8
1347,cycle,True,8,New Theory,10,0.2,0.8
1348,cycle,True,6,New Theory,10,0.2,0.8
1349,cycle,True,9,New Theory,10,0.2,0.8
1350,cycle,True,7,New Theory,10,0.2,0.8
1351,cycle,True,2,Old Theory,10,0.2,0.8
1352,cycle,True,3,Old Theory,10,0.2,0.8
1353,cycle,True,1,Old Theory,10,0.2,0.8
1354,cycle,True,3,Old Theory,10,0.2,0.8
1355,cycle,True,7,New Theory,10,0.2,0.8
1356,cycle,True,1,Old Theory,10,0.2,0.8
1357,cycle,True,8,New Theory,10,0.2,0.8
1358,cycle,True,3,Old Theory,10,0.2,0.8
1359,cycle,True,7,New Theory,10,0.2,0.8
1360,cycle,True,7,New Theory,10,0.2,0.8
1361,cycle,True,4,Old Theory,10,0.2,0.8
1362,cycle,True,7,New Theory,10,0.2,0.8
1363,cycle,True,8,New Theory,10,0.2,0.8
1364,cycle,True,6,New Theory,10,0.2,0.8
1365,cycle,True,12,New Theory,10,0.2,0.8
1366,cycle,True,8,New Theory,10,0.2,0.8
1367,cycle,True,1,Old Theory,10,0.2,0.8
1368,cycle,True,8,New Theory,10,0.2,0.8
1369,cycle,True,1,Old Theory,10,0.2,0.8
1370,cycle,True,8,New Theory,10,0.2,0.8
1371,cycle,True,1,Old Theory,10,0.2,0.8
1372,cycle,True,7,New Theory,10,0.2,0.8
1373,cycle,True,1,Old Theory,10,0.2,0.8
1374,cycle,True,8,New Theory,10,0.2,0.8
1375,cycle,True,9,New Theory,10,0.2,0.8
1376,cycle,True,6,New Theory,10,0.2,0.8
1377,cycle,True,7,New Theory,10,0.2,0.8
1378,cycle,True,6,New Theory,10,0.2,0.8
1379,cycle,True,3,Old Theory,10,0.2,0.8
1380,cycle,True,1,Old Theory,10,0.2,0.8
1381,cycle,True,10,New Theory,10,0.2,0.8
1382,cycle,True,10,New Theory,10,0.2,0.8
1383,cycle,True,8,New Theory,10,0.2,0.8
1384,cycle,True,8,New Theory,10,0.2,0.8
1385,cycle,True,1,Old Theory,10,0.2,0.8
1386,cycle,True,7,New Theory,10,0.2,0.8
1387,cycle,True,1,Old Theory,10,0.2,0.8
1388,cycle,True,8,New Theory,10,0.2,0.8
1389,cycle,True,7,New Theory,10,0.2,0.8
1390,cycle,True,10,New Theory,10,0.2,0.8
1391,cycle,True,1,Old Theory,10,0.2,0.8
1392,cycle,True,7,New Theory,10,0.2,0.8
1393,cycle,True,7,New Theory,10,0.2,0.8
1394,cycle,True,1,Old Theory,10,0.2,0.8
1395,cycle,True,6,New Theory,10,0.2,0.8
1396,cycle,True,9,New Theory,10,0.2,0.8
1397,cycle,True,6,New Theory,10,0.2,0.8
1398,cycle,True,4,Old Theory,10,0.2,0.8
1399,cycle,True,1,Old Theory,10,0.2,0.8
1400,cycle,True,1,Old Theory,10,0.2,0.8
1401,cycle,True,11,New Theory,10,0.2,0.8
1402,cycle,True,10,New Theory,10,0.2,0.8
1403,cycle,True,1,Old Theory,10,0.2,0.8
1404,cycle,True,7,New Theory,10,0.2,0.8
1405,cycle,True,7,New Theory,10,0.2,0.8
1406,cycle,True,3,Old Theory,10,0.2,0.8
1407,cycle,True,1,Old Theory,10,0.2,0.8
1408,cycle,True,8,New Theory,10,0.2,0.8
1409,cycle,True,10,New Theory,10,0.2,0.8
1410,cycle,True,11,New Theory,10,0.2,0.8
1411,cycle,True,2,Old Theory,10,0.2,0.8
1412,cycle,True,8,New Theory,10,0.2,0.8
1413,cycle,True,1,Old Theory,10,0.2,0.8
1414,cycle,True,10,New Theory,10,0.2,0.8
1415,cycle,True,1,Old Theory,10,0.2,0.8
1416,cycle,True,7,New Theory,10,0.2,0.8
1417,cycle,True,6,New Theory,10,0.2,0.8
1418,cycle,True,8,New Theory,10,0.2,0.8
1419,cycle,True,9,New Theory,10,0.2,0.8
1420,cycle,True,9,New Theory,10,0.2,0.8
1421,cycle,True,1,Old Theory,10,0.2,0.8
1422,cycle,True,7,New Theory,10,0.2,0.8
1423,cycle,True,8,New Theory,10,0.2,0.8
1424,cycle,True,1,Old Theory,10,0.2,0.8
1425,cycle,True,1,Old Theory,10,0.2,0.8
1426,cycle,True,8,New Theory,10,0.2,0.8
1427,cycle,True,2,Old Theory,10,0.2,0.8
1428,cycle,True,6,New Theory,10,0.2,0.8
1429,cycle,True,7,New Theory,10,0.2,0.8
1430,cycle,True,10,New Theory,10,0.2,0.8
1431,cycle,True,9,New Theory,10,0.2,0.8
1432,cycle,True,8,New Theory,10,0.2,0.8
1433,cycle,True,9,New Theory,10,0.2,0.8
1434,cycle,True,1,Old Theory,10,0.2,0.8
1435,cycle,True,2,Old Theory,10,0.2,0.8
1436,cycle,True,10,New Theory,10,0.2,0.8
1437,cycle,True,1,Old Theory,10,0.2,0.8
1438,cycle,True,8,New Theory,10,0.2,0.8
1439,cycle,True,1,Old Theory,10,0.2,0.8
1440,cycle,True,3,Old Theory,10,0.2,0.8
1441,cycle,True,7,New Theory,10,0.2,0.8
1442,cycle,True,8,New Theory,10,0.2,0.8
1443,cycle,True,1,Old Theory,10,0.2,0.8
1444,cycle,True,8,New Theory,10,0.2,0.8
1445,cycle,True,2,Old Theory,10,0.2,0.8
1446,cycle,True,6,New Theory,10,0.2,0.8
1447,cycle,True,1,Old Theory,10,0.2,0.8
1448,cycle,True,1,Old Theory,10,0.2,0.8
1449,cycle,True,1,Old Theory,10,0.2,0.8
1450,cycle,True,8,New Theory,10,0.2,0.8
1451,cycle,True,1,Old Theory,10,0.2,0.8
1452,cycle,True,2,Old Theory,10,0.2,0.8
1453,cycle,True,8,New Theory,10,0.2,0.8
1454,cycle,True,9,New Theory,10,0.2,0.8
1455,cycle,True,1,Old Theory,10,0.2,0.8
1456,cycle,True,2,Old Theory,10,0.2,0.8
1457,cycle,True,8,New Theory,10,0.2,0.8
1458,cycle,True,9,New Theory,10,0.2,0.8
1459,cycle,True,4,Old Theory,10,0.2,0.8
1460,cycle,True,1,Old Theory,10,0.2,0.8
1461,cycle,True,2,Old Theory,10,0.2,0.8
1462,cycle,True,7,New Theory,10,0.2,0.8
1463,cycle,True,5,Old Theory,10,0.2,0.8
1464,cycle,True,9,New Theory,10,0.2,0.8
1465,cycle,True,3,Old Theory,10,0.2,0.8
1466,cycle,True,3,Old Theory,10,0.2,0.8
1467,cycle,True,9,New Theory,10,0.2,0.8
1468,cycle,True,8,New Theory,10,0.2,0.8
1469,cycle,True,9,New Theory,10,0.2,0.8
1470,cycle,True,6,New Theory,10,0.2,0.8
1471,cycle,True,11,New Theory,10,0.2,0.8
1472,cycle,True,1,Old Theory,10,0.2,0.8
1473,cycle,True,7,New Theory,10,0.2,0.8
1474,cycle,True,2,Old Theory,10,0.2,0.8
1475,cycle,True,7,New Theory,10,0.2,0.8
1476,cycle,True,2,Old Theory,10,0.2,0.8
1477,cycle,True,1,Old Theory,10,0.2,0.8
1478,cycle,True,7,New Theory,10,0.2,0.8
1479,cycle,True,7,New Theory,10,0.2,0.8
1480,cycle,True,1,Old Theory,10,0.2,0.8
1481,cycle,True,1,Old Theory,10,0.2,0.8
1482,cycle,True,8,New Theory,10,0.2,0.8
1483,cycle,True,2,Old Theory,10,0.2,0.8
1484,cycle,True,1,Old Theory,10,0.2,0.8
1485,cycle,True,6,New Theory,10,0.2,0.8
1486,cycle,True,1,Old Theory,10,0.2,0.8
1487,cycle,True,1,Old Theory,10,0.2,0.8
1488,cycle,True,2,Old Theory,10,0.2,0.8
1489,cycle,True,8,New Theory,10,0.2,0.8
1490,cycle,True,7,New Theory,10,0.2,0.8
1491,cycle,True,7,New Theory,10,0.2,0.8
1492,cycle,True,8,New Theory,10,0.2,0.8
1493,cycle,True,8,New Theory,10,0.2,0.8
1494,cycle,True,12,New Theory,10,0.2,0.8
1495,cycle,True,7,New Theory,10,0.2,0.8
1496,cycle,True,9,New Theory,10,0.2,0.8
1497,cycle,True,7,New Theory,10,0.2,0.8
1498,cycle,True,1,Old Theory,10,0.2,0.8
1499,cycle,True,7,New Theory,10,0.2,0.8
1500,cycle,True,8,New Theory,10,0.2,0.8
1501,cycle,True,8,New Theory,10,0.2,0.8
1502,cycle,True,1,Old Theory,10,0.2,0.8
1503,cycle,True,8,New Theory,10,0.2,0.8
1504,cycle,True,7,New Theory,10,0.2,0.8
1505,cycle,True,1,Old Theory,10,0.2,0.8
1506,cycle,True,1,Old Theory,10,0.2,0.8
1507,cycle,True,1,Old Theory,10,0.2,0.8
1508,cycle,True,6,New Theory,10,0.2,0.8
1509,cycle,True,9,New Theory,10,0.2,0.8
1510,cycle,True,7,New Theory,10,0.2,0.8
1511,cycle,True,3,Old Theory,10,0.2,0.8
1512,cycle,True,8,New Theory,10,0.2,0.8
1513,cycle,True,9,New Theory,10,0.2,0.8
1514,cycle,True,8,New Theory,10,0.2,0.8
1515,cycle,True,9,New Theory,10,0.2,0.8
1516,cycle,True,1,Old Theory,10,0.2,0.8
1517,cycle,True,8,New Theory,10,0.2,0.8
1518,cycle,True,9,New Theory,10,0.2,0.8
1519,cycle,True,1,Old Theory,10,0.2,0.8
1520,cycle,True,6,New Theory,10,0.2,0.8
1521,cycle,True,7,New Theory,10,0.2,0.8
1522,cycle,True,8,New Theory,10,0.2,0.8
1523,cycle,True,8,New Theory,10,0.2,0.8
1524,cycle,True,9,New Theory,10,0.2,0.8
1525,cycle,True,2,Old Theory,10,0.2,0.8
1526,cycle,True,4,Old Theory,10,0.2,0.8
1527,cycle,True,3,Old Theory,10,0.2,0.8
1528,cycle,True,1,Old Theory,10,0.2,0.8
1529,cycle,True,9,New Theory,10,0.2,0.8
1530,cycle,True,10,New Theory,10,0.2,0.8
1531,cycle,True,7,New Theory,10,0.2,0.8
1532,cycle,True,1,Old Theory,10,0.2,0.8
1533,cycle,True,2,Old Theory,10,0.2,0.8
1534,cycle,True,8,New Theory,10,0.2,0.8
1535,cycle,True,6,New Theory,10,0.2,0.8
1536,cycle,True,7,New Theory,10,0.2,0.8
1537,cycle,True,1,Old Theory,10,0.2,0.8
1538,cycle,True,9,New Theory,10,0.2,0.8
1539,cycle,True,9,New Theory,10,0.2,0.8
1540,cycle,True,8,New Theory,10,0.2,0.8
1541,cycle,True,2,Old Theory,10,0.2,0.8
1542,cycle,True,6,New Theory,10,0.2,0.8
1543,cycle,True,11,New Theory,10,0.2,0.8
1544,cycle,True,9,New Theory,10,0.2,0.8
1545,cycle,True,7,New Theory,10,0.2,0.8
1546,cycle,True,5,New Theory,10,0.2,0.8
1547,cycle,True,7,New Theory,10,0.2,0.8
1548,cycle,True,7,New Theory,10,0.2,0.8
1549,cycle,True,6,New Theory,10,0.2,0.8
1550,cycle,True,1,Old Theory,10,0.2,0.8
1551,cycle,True,6,New Theory,10,0.2,0.8
1552,cycle,True,8,New Theory,10,0.2,0.8
1553,cycle,True,8,New Theory,10,0.2,0.8
1554,cycle,True,9,New Theory,10,0.2,0.8
1555,cycle,True,2,Old Theory,10,0.2,0.8
1556,cycle,True,8,New Theory,10,0.2,0.8
1557,cycle,True,2,Old Theory,10,0.2,0.8
1558,cycle,True,8,New Theory,10,0.2,0.8
1559,cycle,True,8,New Theory,10,0.2,0.8
1560,cycle,True,1,Old Theory,10,0.2,0.8
1561,cycle,True,8,New Theory,10,0.2,0.8
1562,cycle,True,1,Old Theory,10,0.2,0.8
1563,cycle,True,1,Old Theory,10,0.2,0.8
1564,cycle,True,8,New Theory,10,0.2,0.8
1565,cycle,True,8,New Theory,10,0.2,0.8
1566,cycle,True,3,Old Theory,10,0.2,0.8
1567,cycle,True,1,Old Theory,10,0.2,0.8
1568,cycle,True,6,New Theory,10,0.2,0.8
1569,cycle,True,8,New Theory,10,0.2,0.8
1570,cycle,True,7,New Theory,10,0.2,0.8
1571,cycle,True,1,Old Theory,10,0.2,0.8
1572,cycle,True,6,New Theory,10,0.2,0.8
1573,cycle,True,10,New Theory,10,0.2,0.8
1574,cycle,True,8,New Theory,10,0.2,0.8
1575,cycle,True,9,New Theory,10,0.2,0.8
1576,cycle,True,1,Old Theory,10,0.2,0.8
1577,cycle,True,6,New Theory,10,0.2,0.8
1578,cycle,True,9,New Theory,10,0.2,0.8
1579,cycle,True,7,New Theory,10,0.2,0.8
1580,cycle,True,2,Old Theory,10,0.2,0.8
1581,cycle,True,7,New Theory,10,0.2,0.8
1582,cycle,True,6,New Theory,10,0.2,0.8
1583,cycle,True,3,Old Theory,10,0.2,0.8
1584,cycle,True,9,New Theory,10,0.2,0.8
1585,cycle,True,1,Old Theory,10,0.2,0.8
1586,cycle,True,10,New Theory,10,0.2,0.8
1587,cycle,True,9,New Theory,10,0.2,0.8
1588,cycle,True,9,New Theory,10,0.2,0.8
1589,cycle,True,7,New Theory,10,0.2,0.8
1590,cycle,True,10,New Theory,10,0.2,0.8
1591,cycle,True,1,Old Theory,10,0.2,0.8
1592,cycle,True,3,Old Theory,10,0.2,0.8
1593,cycle,True,3,Old Theory,10,0.2,0.8
1594,cycle,True,7,New Theory,10,0.2,0.8
1595,cycle,True,1,Old Theory,10,0.2,0.8
1596,cycle,True,8,New Theory,10,0.2,0.8
1597,cycle,True,1,Old Theory,10,0.2,0.8
1598,cycle,True,1,Old Theory,10,0.2,0.8
1599,cycle,True,1,Old Theory,10,0.2,0.8
1600,cycle,True,7,New Theory,10,0.2,0.8
1601,cycle,True,10,New Theory,10,0.2,0.8
1602,cycle,True,9,New Theory,10,0.2,0.8
1603,cycle,True,2,Old Theory,10,0.2,0.8
1604,cycle,True,1,Old Theory,10,0.2,0.8
1605,cycle,True,1,Old Theory,10,0.2,0.8
1606,cycle,True,6,New Theory,10,0.2,0.8
1607,cycle,True,9,New Theory,10,0.2,0.8
1608,cycle,True,1,Old Theory,10,0.2,0.8
1609,cycle,True,7,New Theory,10,0.2,0.8
1610,cycle,True,9,New Theory,10,0.2,0.8
1611,cycle,True,1,Old Theory,10,0.2,0.8
1612,cycle,True,2,Old Theory,10,0.2,0.8
1613,cycle,True,8,New Theory,10,0.2,0.8
1614,cycle,True,7,New Theory,10,0.2,0.8
1615,cycle,True,6,New Theory,10,0.2,0.8
1616,cycle,True,8,New Theory,10,0.2,0.8
1617,cycle,True,5,New Theory,10,0.2,0.8
1618,cycle,True,10,New Theory,10,0.2,0.8
1619,cycle,True,1,Old Theory,10,0.2,0.8
1620,cycle,True,6,New Theory,10,0.2,0.8
1621,cycle,True,6,New Theory,10,0.2,0.8
1622,cycle,True,7,New Theory,10,0.2,0.8
1623,cycle,True,7,New Theory,10,0.2,0.8
1624,cycle,True,7,New Theory,10,0.2,0.8
1625,cycle,True,3,Old Theory,10,0.2,0.8
1626,cycle,True,1,Old Theory,10,0.2,0.8
1627,cycle,True,8,New Theory,10,0.2,0.8
1628,cycle,True,2,Old Theory,10,0.2,0.8
1629,cycle,True,1,Old Theory,10,0.2,0.8
1630,cycle,True,1,Old Theory,10,0.2,0.8
1631,cycle,True,7,New Theory,10,0.2,0.8
1632,cycle,True,7,New Theory,10,0.2,0.8
1633,cycle,True,1,Old Theory,10,0.2,0.8
1634,cycle,True,7,New Theory,10,0.2,0.8
1635,cycle,True,1,Old Theory,10,0.2,0.8
1636,cycle,True,7,New Theory,10,0.2,0.8
1637,cycle,True,5,New Theory,10,0.2,0.8
1638,cycle,True,7,New Theory,10,0.2,0.8
1639,cycle,True,11,New Theory,10,0.2,0.8
1640,cycle,True,11,New Theory,10,0.2,0.8
1641,cycle,True,1,Old Theory,10,0.2,0.8
1642,cycle,True,6,New Theory,10,0.2,0.8
1643,cycle,True,10,New Theory,10,0.2,0.8
1644,cycle,True,1,Old Theory,10,0.2,0.8
1645,cycle,True,8,New Theory,10,0.2,0.8
1646,cycle,True,6,New Theory,10,0.2,0.8
1647,cycle,True,10,New Theory,10,0.2,0.8
1648,cycle,True,6,New Theory,10,0.2,0.8
1649,cycle,True,10,New Theory,10,0.2,0.8
1650,cycle,True,7,New Theory,10,0.2,0.8
1651,cycle,True,7,New Theory,10,0.2,0.8
1652,cycle,True,7,New Theory,10,0.2,0.8
1653,cycle,True,9,New Theory,10,0.2,0.8
1654,cycle,True,3,Old Theory,10,0.2,0.8
1655,cycle,True,1,Old Theory,10,0.2,0.8
1656,cycle,True,7,New Theory,10,0.2,0.8
1657,cycle,True,8,New Theory,10,0.2,0.8
1658,cycle,True,10,New Theory,10,0.2,0.8
1659,cycle,True,8,New Theory,10,0.2,0.8
1660,cycle,True,3,Old Theory,10,0.2,0.8
1661,cycle,True,6,New Theory,10,0.2,0.8
1662,cycle,True,3,Old Theory,10,0.2,0.8
1663,cycle,True,8,New Theory,10,0.2,0.8
1664,cycle,True,1,Old Theory,10,0.2,0.8
1665,cycle,True,10,New Theory,10,0.2,0.8
1666,cycle,True,1,Old Theory,10,0.2,0.8
1667,cycle,True,7,New Theory,10,0.2,0.8
1668,cycle,True,5,New Theory,10,0.2,0.8
1669,cycle,True,6,New Theory,10,0.2,0.8
1670,cycle,True,9,New Theory,10,0.2,0.8
1671,cycle,True,8,New Theory,10,0.2,0.8
1672,cycle,True,5,New Theory,10,0.2,0.8
1673,cycle,True,9,New Theory,10,0.2,0.8
1674,cycle,True,11,New Theory,10,0.2,0.8
1675,cycle,True,1,Old Theory,10,0.2,0.8
1676,cycle,True,7,New Theory,10,0.2,0.8
1677,cycle,True,2,Old Theory,10,0.2,0.8
1678,cycle,True,8,New Theory,10,0.2,0.8
1679,cycle,True,8,New Theory,10,0.2,0.8
1680,cycle,True,8,New Theory,10,0.2,0.8
1681,cycle,True,3,Old Theory,10,0.2,0.8
1682,cycle,True,9,New Theory,10,0.2,0.8
1683,cycle,True,8,New Theory,10,0.2,0.8
1684,cycle,True,7,New Theory,10,0.2,0.8
1685,cycle,True,8,New Theory,10,0.2,0.8
1686,cycle,True,9,New Theory,10,0.2,0.8
1687,cycle,True,9,New Theory,10,0.2,0.8
1688,cycle,True,8,New Theory,10,0.2,0.8
1689,cycle,True,6,New Theory,10,0.2,0.8
1690,cycle,True,8,New Theory,10,0.2,0.8
1691,cycle,True,10,New Theory,10,0.2,0.8
1692,cycle,True,1,Old Theory,10,0.2,0.8
1693,cycle,True,9,New Theory,10,0.2,0.8
1694,cycle,True,1,Old Theory,10,0.2,0.8
1695,cycle,True,6,New Theory,10,0.2,0.8
1696,cycle,True,9,New Theory,10,0.2,0.8
1697,cycle,True,7,New Theory,10,0.2,0.8
1698,cycle,True,5,Old Theory,10,0.2,0.8
1699,cycle,True,10,New Theory,10,0.2,0.8
1700,cycle,True,10,New Theory,10,0.2,0.8
1701,cycle,True,7,New Theory,10,0.2,0.8
1702,cycle,True,2,Old Theory,10,0.2,0.8
1703,cycle,True,6,New Theory,10,0.2,0.8
1704,cycle,True,7,New Theory,10,0.2,0.8
1705,cycle,True,7,New Theory,10,0.2,0.8
1706,cycle,True,7,New Theory,10,0.2,0.8
1707,cycle,True,1,Old Theory,10,0.2,0.8
1708,cycle,True,9,New Theory,10,0.2,0.8
1709,cycle,True,3,Old Theory,10,0.2,0.8
1710,cycle,True,4,Old Theory,10,0.2,0.8
1711,cycle,True,9,New Theory,10,0.2,0.8
1712,cycle,True,10,New Theory,10,0.2,0.8
1713,cycle,True,9,New Theory,10,0.2,0.8
1714,cycle,True,7,New Theory,10,0.2,0.8
1715,cycle,True,9,New Theory,10,0.2,0.8
1716,cycle,True,12,New Theory,10,0.2,0.8
1717,cycle,True,3,Old Theory,10,0.2,0.8
1718,cycle,True,9,New Theory,10,0.2,0.8
1719,cycle,True,8,New Theory,10,0.2,0.8
1720,cycle,True,6,New Theory,10,0.2,0.8
1721,cycle,True,4,Old Theory,10,0.2,0.8
1722,cycle,True,9,New Theory,10,0.2,0.8
1723,cycle,True,2,Old Theory,10,0.2,0.8
1724,cycle,True,6,New Theory,10,0.2,0.8
1725,cycle,True,1,Old Theory,10,0.2,0.8
1726,cycle,True,5,Old Theory,10,0.2,0.8
1727,cycle,True,2,Old Theory,10,0.2,0.8
1728,cycle,True,2,Old Theory,10,0.2,0.8
1729,cycle,True,7,New Theory,10,0.2,0.8
1730,cycle,True,3,Old Theory,10,0.2,0.8
1731,cycle,True,8,New Theory,10,0.2,0.8
1732,cycle,True,8,New Theory,10,0.2,0.8
1733,cycle,True,9,New Theory,10,0.2,0.8
1734,cycle,True,10,New Theory,10,0.2,0.8
1735,cycle,True,8,New Theory,10,0.2,0.8
1736,cycle,True,10,New Theory,10,0.2,0.8
1737,cycle,True,8,New Theory,10,0.2,0.8
1738,cycle,True,3,Old Theory,10,0.2,0.8
1739,cycle,True,1,Old Theory,10,0.2,0.8
1740,cycle,True,6,New Theory,10,0.2,0.8
1741,cycle,True,3,Old Theory,10,0.2,0.8
1742,cycle,True,7,New Theory,10,0.2,0.8
1743,cycle,True,9,New Theory,10,0.2,0.8
1744,cycle,True,6,New Theory,10,0.2,0.8
1745,cycle,True,7,New Theory,10,0.2,0.8
1746,cycle,True,2,Old Theory,10,0.2,0.8
1747,cycle,True,7,New Theory,10,0.2,0.8
1748,cycle,True,7,New Theory,10,0.2,0.8
1749,cycle,True,7,New Theory,10,0.2,0.8
1750,cycle,True,9,New Theory,10,0.2,0.8
1751,cycle,True,1,Old Theory,10,0.2,0.8
1752,cycle,True,7,New Theory,10,0.2,0.8
1753,cycle,True,6,New Theory,10,0.2,0.8
1754,cycle,True,1,Old Theory,10,0.2,0.8
1755,cycle,True,7,New Theory,10,0.2,0.8
1756,cycle,True,6,New Theory,10,0.2,0.8
1757,cycle,True,8,New Theory,10,0.2,0.8
1758,cycle,True,10,New Theory,10,0.2,0.8
1759,cycle,True,10,New Theory,10,0.2,0.8
1760,cycle,True,10,New Theory,10,0.2,0.8
1761,cycle,True,8,New Theory,10,0.2,0.8
1762,cycle,True,9,New Theory,10,0.2,0.8
1763,cycle,True,8,New Theory,10,0.2,0.8
1764,cycle,True,5,New Theory,10,0.2,0.8
1765,cycle,True,2,Old Theory,10,0.2,0.8
1766,cycle,True,7,New Theory,10,0.2,0.8
1767,cycle,True,8,New Theory,10,0.2,0.8
1768,cycle,True,1,Old Theory,10,0.2,0.8
1769,cycle,True,8,New Theory,10,0.2,0.8
1770,cycle,True,2,Old Theory,10,0.2,0.8
1771,cycle,True,12,New Theory,10,0.2,0.8
1772,cycle,True,6,New Theory,10,0.2,0.8
1773,cycle,True,9,New Theory,10,0.2,0.8
1774,cycle,True,7,New Theory,10,0.2,0.8
1775,cycle,True,8,New Theory,10,0.2,0.8
1776,cycle,True,6,New Theory,10,0.2,0.8
1777,cycle,True,6,New Theory,10,0.2,0.8
1778,cycle,True,4,Old Theory,10,0.2,0.8
1779,cycle,True,7,New Theory,10,0.2,0.8
1780,cycle,True,9,New Theory,10,0.2,0.8
1781,cycle,True,10,New Theory,10,0.2,0.8
1782,cycle,True,2,Old Theory,10,0.2,0.8
1783,cycle,True,7,New Theory,10,0.2,0.8
1784,cycle,True,1,Old Theory,10,0.2,0.8
1785,cycle,True,8,New Theory,10,0.2,0.8
1786,cycle,True,6,New Theory,10,0.2,0.8
1787,cycle,True,9,New Theory,10,0.2,0.8
1788,cycle,True,6,New Theory,10,0.2,0.8
1789,cycle,True,1,Old Theory,10,0.2,0.8
1790,cycle,True,8,New Theory,10,0.2,0.8
1791,cycle,True,9,New Theory,10,0.2,0.8
1792,cycle,True,8,New Theory,10,0.2,0.8
1793,cycle,True,10,New Theory,10,0.2,0.8
1794,cycle,True,2,Old Theory,10,0.2,0.8
1795,cycle,True,2,Old Theory,10,0.2,0.8
1796,cycle,True,8,New Theory,10,0.2,0.8
1797,cycle,True,9,New Theory,10,0.2,0.8
1798,cycle,True,1,Old Theory,10,0.2,0.8
1799,cycle,True,7,New Theory,10,0.2,0.8
1800,cycle,True,8,New Theory,10,0.2,0.8
1801,cycle,True,9,New Theory,10,0.2,0.8
1802,cycle,True,2,Old Theory,10,0.2,0.8
1803,cycle,True,1,Old Theory,10,0.2,0.8
1804,cycle,True,7,New Theory,10,0.2,0.8
1805,cycle,True,8,New Theory,10,0.2,0.8
1806,cycle,True,2,Old Theory,10,0.2,0.8
1807,cycle,True,10,New Theory,10,0.2,0.8
1808,cycle,True,8,New Theory,10,0.2,0.8
1809,cycle,True,1,Old Theory,10,0.2,0.8
1810,cycle,True,2,Old Theory,10,0.2,0.8
1811,cycle,True,10,New Theory,10,0.2,0.8
1812,cycle,True,6,New Theory,10,0.2,0.8
1813,cycle,True,1,Old Theory,10,0.2,0.8
1814,cycle,True,8,New Theory,10,0.2,0.8
1815,cycle,True,1,Old Theory,10,0.2,0.8
1816,cycle,True,10,New Theory,10,0.2,0.8
1817,cycle,True,6,New Theory,10,0.2,0.8
1818,cycle,True,2,Old Theory,10,0.2,0.8
1819,cycle,True,6,New Theory,10,0.2,0.8
1820,cycle,True,2,Old Theory,10,0.2,0.8
1821,cycle,True,12,New Theory,10,0.2,0.8
1822,cycle,True,2,Old Theory,10,0.2,0.8
1823,cycle,True,2,Old Theory,10,0.2,0.8
1824,cycle,True,9,New Theory,10,0.2,0.8
1825,cycle,True,8,New Theory,10,0.2,0.8
1826,cycle,True,2,Old Theory,10,0.2,0.8
1827,cycle,True,9,New Theory,10,0.2,0.8
1828,cycle,True,10,New Theory,10,0.2,0.8
1829,cycle,True,11,New Theory,10,0.2,0.8
1830,cycle,True,10,New Theory,10,0.2,0.8
1831,cycle,True,2,Old Theory,10,0.2,0.8
1832,cycle,True,9,New Theory,10,0.2,0.8
1833,cycle,True,8,New Theory,10,0.2,0.8
1834,cycle,True,2,Old Theory,10,0.2,0.8
1835,cycle,True,6,New Theory,10,0.2,0.8
1836,cycle,True,2,Old Theory,10,0.2,0.8
1837,cycle,True,2,Old Theory,10,0.2,0.8
1838,cycle,True,3,Old Theory,10,0.2,0.8
1839,cycle,True,11,New Theory,10,0.2,0.8
1840,cycle,True,1,Old Theory,10,0.2,0.8
1841,cycle,True,7,New Theory,10,0.2,0.8
1842,cycle,True,2,Old Theory,10,0.2,0.8
1843,cycle,True,2,Old Theory,10,0.2,0.8
1844,cycle,True,2,Old Theory,10,0.2,0.8
1845,cycle,True,7,New Theory,10,0.2,0.8
1846,cycle,True,7,New Theory,10,0.2,0.8
1847,cycle,True,11,New Theory,10,0.2,0.8
1848,cycle,True,8,New Theory,10,0.2,0.8
1849,cycle,True,9,New Theory,10,0.2,0.8
1850,cycle,True,8,New Theory,10,0.2,0.8
1851,cycle,True,1,Old Theory,10,0.2,0.8
1852,cycle,True,1,Old Theory,10,0.2,0.8
1853,cycle,True,11,New Theory,10,0.2,0.8
1854,cycle,True,3,Old Theory,10,0.2,0.8
1855,cycle,True,8,New Theory,10,0.2,0.8
1856,cycle,True,1,Old Theory,10,0.2,0.8
1857,cycle,True,7,New Theory,10,0.2,0.8
1858,cycle,True,6,New Theory,10,0.2,0.8
1859,cycle,True,1,Old Theory,10,0.2,0.8
1860,cycle,True,9,New Theory,10,0.2,0.8
1861,cycle,True,1,Old Theory,10,0.2,0.8
1862,cycle,True,1,Old Theory,10,0.2,0.8
1863,cycle,True,9,New Theory,10,0.2,0.8
1864,cycle,True,6,New Theory,10,0.2,0.8
1865,cycle,True,12,New Theory,10,0.2,0.8
1866,cycle,True,9,New Theory,10,0.2,0.8
1867,cycle,True,3,Old Theory,10,0.2,0.8
1868,cycle,True,2,Old Theory,10,0.2,0.8
1869,cycle,True,8,New Theory,10,0.2,0.8
1870,cycle,True,7,New Theory,10,0.2,0.8
1871,cycle,True,4,Old Theory,10,0.2,0.8
1872,cycle,True,9,New Theory,10,0.2,0.8
1873,cycle,True,10,New Theory,10,0.2,0.8
1874,cycle,True,3,Old Theory,10,0.2,0.8
1875,cycle,True,8,New Theory,10,0.2,0.8
1876,cycle,True,1,Old Theory,10,0.2,0.8
1877,cycle,True,10,New Theory,10,0.2,0.8
1878,cycle,True,7,New Theory,10,0.2,0.8
1879,cycle,True,9,New Theory,10,0.2,0.8
1880,cycle,True,3,Old Theory,10,0.2,0.8
1881,cycle,True,1,Old Theory,10,0.2,0.8
1882,cycle,True,2,Old Theory,10,0.2,0.8
1883,cycle,True,3,Old Theory,10,0.2,0.8
1884,cycle,True,1,Old Theory,10,0.2,0.8
1885,cycle,True,1,Old Theory,10,0.2,0.8
1886,cycle,True,8,New Theory,10,0.2,0.8
1887,cycle,True,1,Old Theory,10,0.2,0.8
1888,cycle,True,2,Old Theory,10,0.2,0.8
1889,cycle,True,2,Old Theory,10,0.2,0.8
1890,cycle,True,1,Old Theory,10,0.2,0.8
1891,cycle,True,6,New Theory,10,0.2,0.8
1892,cycle,True,1,Old Theory,10,0.2,0.8
1893,cycle,True,1,Old Theory,10,0.2,0.8
1894,cycle,True,3,Old Theory,10,0.2,0.8
1895,cycle,True,3,Old Theory,10,0.2,0.8
1896,cycle,True,2,Old Theory,10,0.2,0.8
1897,cycle,True,10,New Theory,10,0.2,0.8
1898,cycle,True,8,New Theory,10,0.2,0.8
1899,cycle,True,4,Old Theory,10,0.2,0.8
1900,cycle,True,9,New Theory,10,0.2,0.8
1901,cycle,True,1,Old Theory,10,0.2,0.8
1902,cycle,True,2,Old Theory,10,0.2,0.8
1903,cycle,True,8,New Theory,10,0.2,0.8
1904,cycle,True,8,New Theory,10,0.2,0.8
1905,cycle,True,9,New Theory,10,0.2,0.8
1906,cycle,True,6,New Theory,10,0.2,0.8
1907,cycle,True,1,Old Theory,10,0.2,0.8
1908,cycle,True,1,Old Theory,10,0.2,0.8
1909,cycle,True,7,New Theory,10,0.2,0.8
1910,cycle,True,7,New Theory,10,0.2,0.8
1911,cycle,True,9,New Theory,10,0.2,0.8
1912,cycle,True,7,New Theory,10,0.2,0.8
1913,cycle,True,3,Old Theory,10,0.2,0.8
1914,cycle,True,7,New Theory,10,0.2,0.8
1915,cycle,True,7,New Theory,10,0.2,0.8
1916,cycle,True,2,Old Theory,10,0.2,0.8
1917,cycle,True,2,Old Theory,10,0.2,0.8
1918,cycle,True,13,New Theory,10,0.2,0.8
1919,cycle,True,1,Old Theory,10,0.2,0.8
1920,cycle,True,7,New Theory,10,0.2,0.8
1921,cycle,True,3,Old Theory,10,0.2,0.8
1922,cycle,True,9,New Theory,10,0.2,0.8
1923,cycle,True,1,Old Theory,10,0.2,0.8
1924,cycle,True,9,New Theory,10,0.2,0.8
1925,cycle,True,7,New Theory,10,0.2,0.8
1926,cycle,True,3,Old Theory,10,0.2,0.8
1927,cycle,True,9,New Theory,10,0.2,0.8
1928,cycle,True,11,New Theory,10,0.2,0.8
1929,cycle,True,3,Old Theory,10,0.2,0.8
1930,cycle,True,6,New Theory,10,0.2,0.8
1931,cycle,True,3,Old Theory,10,0.2,0.8
1932,cycle,True,1,Old Theory,10,0.2,0.8
1933,cycle,True,8,New Theory,10,0.2,0.8
1934,cycle,True,1,Old Theory,10,0.2,0.8
1935,cycle,True,6,New Theory,10,0.2,0.8
1936,cycle,True,7,New Theory,10,0.2,0.8
1937,cycle,True,1,Old Theory,10,0.2,0.8
1938,cycle,True,10,New Theory,10,0.2,0.8
1939,cycle,True,1,Old Theory,10,0.2,0.8
1940,cycle,True,10,New Theory,10,0.2,0.8
1941,cycle,True,8,New Theory,10,0.2,0.8
1942,cycle,True,8,New Theory,10,0.2,0.8
1943,cycle,True,1,Old Theory,10,0.2,0.8
1944,cycle,True,8,New Theory,10,0.2,0.8
1945,cycle,True,10,New Theory,10,0.2,0.8
1946,cycle,True,11,New Theory,10,0.2,0.8
1947,cycle,True,1,Old Theory,10,0.2,0.8
1948,cycle,True,8,New Theory,10,0.2,0.8
1949,cycle,True,1,Old Theory,10,0.2,0.8
1950,cycle,True,6,New Theory,10,0.2,0.8
1951,cycle,True,11,New Theory,10,0.2,0.8
1952,cycle,True,1,Old Theory,10,0.2,0.8
1953,cycle,True,10,New Theory,10,0.2,0.8
1954,cycle,True,1,Old Theory,10,0.2,0.8
1955,cycle,True,10,New Theory,10,0.2,0.8
1956,cycle,True,8,New Theory,10,0.2,0.8
1957,cycle,True,6,New Theory,10,0.2,0.8
1958,cycle,True,7,New Theory,10,0.2,0.8
1959,cycle,True,3,Old Theory,10,0.2,0.8
1960,cycle,True,7,New Theory,10,0.2,0.8
1961,cycle,True,8,New Theory,10,0.2,0.8
1962,cycle,True,8,New Theory,10,0.2,0.8
1963,cycle,True,7,New Theory,10,0.2,0.8
1964,cycle,True,8,New Theory,10,0.2,0.8
1965,cycle,True,8,New Theory,10,0.2,0.8
1966,cycle,True,10,New Theory,10,0.2,0.8
1967,cycle,True,9,New Theory,10,0.2,0.8
1968,cycle,True,1,Old Theory,10,0.2,0.8
1969,cycle,True,10,New Theory,10,0.2,0.8
1970,cycle,True,1,Old Theory,10,0.2,0.8
1971,cycle,True,8,New Theory,10,0.2,0.8
1972,cycle,True,2,Old Theory,10,0.2,0.8
1973,cycle,True,10,New Theory,10,0.2,0.8
1974,cycle,True,7,New Theory,10,0.2,0.8
1975,cycle,True,9,New Theory,10,0.2,0.8
1976,cycle,True,1,Old Theory,10,0.2,0.8
1977,cycle,True,7,New Theory,10,0.2,0.8
1978,cycle,True,9,New Theory,10,0.2,0.8
1979,cycle,True,1,Old Theory,10,0.2,0.8
1980,cycle,True,1,Old Theory,10,0.2,0.8
1981,cycle,True,8,New Theory,10,0.2,0.8
1982,cycle,True,8,New Theory,10,0.2,0.8
1983,cycle,True,7,New Theory,10,0.2,0.8
1984,cycle,True,7,New Theory,10,0.2,0.8
1985,cycle,True,9,New Theory,10,0.2,0.8
1986,cycle,True,8,New Theory,10,0.2,0.8
1987,cycle,True,1,Old Theory,10,0.2,0.8
1988,cycle,True,10,New Theory,10,0.2,0.8
1989,cycle,True,8,New Theory,10,0.2,0.8
1990,cycle,True,1,Old Theory,10,0.2,0.8
1991,cycle,True,6,New Theory,10,0.2,0.8
1992,cycle,True,7,New Theory,10,0.2,0.8
1993,cycle,True,6,New Theory,10,0.2,0.8
1994,cycle,True,9,New Theory,10,0.2,0.8
1995,cycle,True,8,New Theory,10,0.2,0.8
1996,cycle,True,3,Old Theory,10,0.2,0.8
1997,cycle,True,11,New Theory,10,0.2,0.8
1998,cycle,True,7,New Theory,10,0.2,0.8
1999,cycle,True,9,New Theory,10,0.2,0.8
2000,cycle,True,9,New Theory,10,0.2,0.8
