simulation_id,network_type,num_agents,old_theory_payoff,new_theory_payoff_if_old_true,new_theory_payoff_if_new_true,true_theory,belief_strength_range,converged,step,theory
1,cycle,2,0.5,0.4,0.6,new,"(0.5, 2.0)",True,50,Old Theory
2,cycle,2,0.5,0.4,0.6,new,"(0.5, 2.0)",True,58,Correct Theory
3,cycle,2,0.5,0.4,0.6,new,"(0.5, 2.0)",True,1,Old Theory
4,cycle,2,0.5,0.4,0.6,new,"(0.5, 2.0)",True,175,Correct Theory
5,cycle,2,0.5,0.4,0.6,new,"(0.5, 2.0)",True,26,Correct Theory
6,cycle,2,0.5,0.4,0.6,new,"(0.5, 2.0)",True,1,Old Theory
7,cycle,2,0.5,0.4,0.6,new,"(0.5, 2.0)",True,1,Old Theory
8,cycle,2,0.5,0.4,0.6,new,"(0.5, 2.0)",True,2,Old Theory
9,cycle,2,0.5,0.4,0.6,new,"(0.5, 2.0)",True,49,Correct Theory
10,cycle,2,0.5,0.4,0.6,new,"(0.5, 2.0)",True,56,Correct Theory
11,cycle,2,0.5,0.4,0.6,new,"(0.5, 2.0)",True,1,Old Theory
12,cycle,2,0.5,0.4,0.6,new,"(0.5, 2.0)",True,1,Old Theory
13,cycle,2,0.5,0.4,0.6,new,"(0.5, 2.0)",True,39,Correct Theory
14,cycle,2,0.5,0.4,0.6,new,"(0.5, 2.0)",True,1,Old Theory
15,cycle,2,0.5,0.4,0.6,new,"(0.5, 2.0)",True,67,Correct Theory
16,cycle,2,0.5,0.4,0.6,new,"(0.5, 2.0)",True,1,Old Theory
17,cycle,2,0.5,0.4,0.6,new,"(0.5, 2.0)",True,4,Old Theory
18,cycle,2,0.5,0.4,0.6,new,"(0.5, 2.0)",True,29,Correct Theory
19,cycle,2,0.5,0.4,0.6,new,"(0.5, 2.0)",True,58,Correct Theory
20,cycle,2,0.5,0.4,0.6,new,"(0.5, 2.0)",True,32,Correct Theory
21,cycle,2,0.5,0.4,0.6,new,"(0.5, 2.0)",True,91,Correct Theory
22,cycle,2,0.5,0.4,0.6,new,"(0.5, 2.0)",True,1,Old Theory
23,cycle,2,0.5,0.4,0.6,new,"(0.5, 2.0)",True,56,Correct Theory
24,cycle,2,0.5,0.4,0.6,new,"(0.5, 2.0)",True,43,Old Theory
25,cycle,2,0.5,0.4,0.6,new,"(0.5, 2.0)",True,36,Old Theory
26,cycle,2,0.5,0.4,0.6,new,"(0.5, 2.0)",True,3,Old Theory
27,cycle,2,0.5,0.4,0.6,new,"(0.5, 2.0)",True,74,Correct Theory
28,cycle,2,0.5,0.4,0.6,new,"(0.5, 2.0)",True,39,Old Theory
29,cycle,2,0.5,0.4,0.6,new,"(0.5, 2.0)",True,78,Correct Theory
30,cycle,2,0.5,0.4,0.6,new,"(0.5, 2.0)",True,68,Correct Theory
31,cycle,2,0.5,0.4,0.6,new,"(0.5, 2.0)",True,66,Correct Theory
32,cycle,2,0.5,0.4,0.6,new,"(0.5, 2.0)",True,1,Old Theory
33,cycle,2,0.5,0.4,0.6,new,"(0.5, 2.0)",True,2,Old Theory
34,cycle,2,0.5,0.4,0.6,new,"(0.5, 2.0)",True,56,Correct Theory
35,cycle,2,0.5,0.4,0.6,new,"(0.5, 2.0)",True,1,Old Theory
36,cycle,2,0.5,0.4,0.6,new,"(0.5, 2.0)",True,1,Old Theory
37,cycle,2,0.5,0.4,0.6,new,"(0.5, 2.0)",True,45,Correct Theory
38,cycle,2,0.5,0.4,0.6,new,"(0.5, 2.0)",True,114,Correct Theory
39,cycle,2,0.5,0.4,0.6,new,"(0.5, 2.0)",True,1,Old Theory
40,cycle,2,0.5,0.4,0.6,new,"(0.5, 2.0)",True,158,Correct Theory
41,cycle,2,0.5,0.4,0.6,new,"(0.5, 2.0)",True,40,Correct Theory
42,cycle,2,0.5,0.4,0.6,new,"(0.5, 2.0)",True,59,Old Theory
43,cycle,2,0.5,0.4,0.6,new,"(0.5, 2.0)",True,53,Correct Theory
44,cycle,2,0.5,0.4,0.6,new,"(0.5, 2.0)",True,77,Correct Theory
45,cycle,2,0.5,0.4,0.6,new,"(0.5, 2.0)",True,38,Correct Theory
46,cycle,2,0.5,0.4,0.6,new,"(0.5, 2.0)",True,67,Correct Theory
47,cycle,2,0.5,0.4,0.6,new,"(0.5, 2.0)",True,2,Old Theory
48,cycle,2,0.5,0.4,0.6,new,"(0.5, 2.0)",True,94,Old Theory
49,cycle,2,0.5,0.4,0.6,new,"(0.5, 2.0)",True,54,Correct Theory
50,cycle,2,0.5,0.4,0.6,new,"(0.5, 2.0)",True,89,Correct Theory
51,cycle,2,0.5,0.4,0.6,new,"(0.5, 2.0)",True,133,Correct Theory
52,cycle,2,0.5,0.4,0.6,new,"(0.5, 2.0)",True,2,Old Theory
53,cycle,2,0.5,0.4,0.6,new,"(0.5, 2.0)",True,2,Old Theory
54,cycle,2,0.5,0.4,0.6,new,"(0.5, 2.0)",True,2,Old Theory
55,cycle,2,0.5,0.4,0.6,new,"(0.5, 2.0)",True,1,Old Theory
56,cycle,2,0.5,0.4,0.6,new,"(0.5, 2.0)",True,112,Correct Theory
57,cycle,2,0.5,0.4,0.6,new,"(0.5, 2.0)",True,1,Old Theory
58,cycle,2,0.5,0.4,0.6,new,"(0.5, 2.0)",True,50,Correct Theory
59,cycle,2,0.5,0.4,0.6,new,"(0.5, 2.0)",True,32,Correct Theory
60,cycle,2,0.5,0.4,0.6,new,"(0.5, 2.0)",True,1,Old Theory
61,cycle,2,0.5,0.4,0.6,new,"(0.5, 2.0)",True,8,Old Theory
62,cycle,2,0.5,0.4,0.6,new,"(0.5, 2.0)",True,13,Old Theory
63,cycle,2,0.5,0.4,0.6,new,"(0.5, 2.0)",True,1,Old Theory
64,cycle,2,0.5,0.4,0.6,new,"(0.5, 2.0)",True,1,Old Theory
65,cycle,2,0.5,0.4,0.6,new,"(0.5, 2.0)",True,1,Old Theory
66,cycle,2,0.5,0.4,0.6,new,"(0.5, 2.0)",True,1,Old Theory
67,cycle,2,0.5,0.4,0.6,new,"(0.5, 2.0)",True,1,Old Theory
68,cycle,2,0.5,0.4,0.6,new,"(0.5, 2.0)",True,32,Old Theory
69,cycle,2,0.5,0.4,0.6,new,"(0.5, 2.0)",True,1,Old Theory
70,cycle,2,0.5,0.4,0.6,new,"(0.5, 2.0)",True,2,Old Theory
71,cycle,2,0.5,0.4,0.6,new,"(0.5, 2.0)",True,1,Old Theory
72,cycle,2,0.5,0.4,0.6,new,"(0.5, 2.0)",True,55,Correct Theory
73,cycle,2,0.5,0.4,0.6,new,"(0.5, 2.0)",True,1,Old Theory
74,cycle,2,0.5,0.4,0.6,new,"(0.5, 2.0)",True,7,Old Theory
75,cycle,2,0.5,0.4,0.6,new,"(0.5, 2.0)",True,40,Correct Theory
76,cycle,2,0.5,0.4,0.6,new,"(0.5, 2.0)",True,109,Correct Theory
77,cycle,2,0.5,0.4,0.6,new,"(0.5, 2.0)",True,74,Correct Theory
78,cycle,2,0.5,0.4,0.6,new,"(0.5, 2.0)",True,29,Correct Theory
79,cycle,2,0.5,0.4,0.6,new,"(0.5, 2.0)",True,83,Correct Theory
80,cycle,2,0.5,0.4,0.6,new,"(0.5, 2.0)",True,77,Correct Theory
81,cycle,2,0.5,0.4,0.6,new,"(0.5, 2.0)",True,5,Old Theory
82,cycle,2,0.5,0.4,0.6,new,"(0.5, 2.0)",True,71,Correct Theory
83,cycle,2,0.5,0.4,0.6,new,"(0.5, 2.0)",True,34,Correct Theory
84,cycle,2,0.5,0.4,0.6,new,"(0.5, 2.0)",True,70,Correct Theory
85,cycle,2,0.5,0.4,0.6,new,"(0.5, 2.0)",True,4,Old Theory
86,cycle,2,0.5,0.4,0.6,new,"(0.5, 2.0)",True,47,Correct Theory
87,cycle,2,0.5,0.4,0.6,new,"(0.5, 2.0)",True,1,Old Theory
88,cycle,2,0.5,0.4,0.6,new,"(0.5, 2.0)",True,75,Correct Theory
89,cycle,2,0.5,0.4,0.6,new,"(0.5, 2.0)",True,1,Old Theory
90,cycle,2,0.5,0.4,0.6,new,"(0.5, 2.0)",True,61,Correct Theory
91,cycle,2,0.5,0.4,0.6,new,"(0.5, 2.0)",True,1,Old Theory
92,cycle,2,0.5,0.4,0.6,new,"(0.5, 2.0)",True,4,Old Theory
93,cycle,2,0.5,0.4,0.6,new,"(0.5, 2.0)",True,47,Correct Theory
94,cycle,2,0.5,0.4,0.6,new,"(0.5, 2.0)",True,40,Correct Theory
95,cycle,2,0.5,0.4,0.6,new,"(0.5, 2.0)",True,2,Old Theory
96,cycle,2,0.5,0.4,0.6,new,"(0.5, 2.0)",True,1,Old Theory
97,cycle,2,0.5,0.4,0.6,new,"(0.5, 2.0)",True,43,Correct Theory
98,cycle,2,0.5,0.4,0.6,new,"(0.5, 2.0)",True,40,Correct Theory
99,cycle,2,0.5,0.4,0.6,new,"(0.5, 2.0)",True,1,Old Theory
100,cycle,2,0.5,0.4,0.6,new,"(0.5, 2.0)",True,53,Correct Theory
101,cycle,2,0.5,0.4,0.6,new,"(0.5, 2.0)",True,1,Old Theory
102,cycle,2,0.5,0.4,0.6,new,"(0.5, 2.0)",True,1,Old Theory
103,cycle,2,0.5,0.4,0.6,new,"(0.5, 2.0)",True,74,Correct Theory
104,cycle,2,0.5,0.4,0.6,new,"(0.5, 2.0)",True,44,Correct Theory
105,cycle,2,0.5,0.4,0.6,new,"(0.5, 2.0)",True,1,Old Theory
106,cycle,2,0.5,0.4,0.6,new,"(0.5, 2.0)",True,1,Old Theory
107,cycle,2,0.5,0.4,0.6,new,"(0.5, 2.0)",True,1,Old Theory
108,cycle,2,0.5,0.4,0.6,new,"(0.5, 2.0)",True,4,Old Theory
109,cycle,2,0.5,0.4,0.6,new,"(0.5, 2.0)",True,22,Correct Theory
110,cycle,2,0.5,0.4,0.6,new,"(0.5, 2.0)",True,1,Old Theory
111,cycle,2,0.5,0.4,0.6,new,"(0.5, 2.0)",True,66,Correct Theory
112,cycle,2,0.5,0.4,0.6,new,"(0.5, 2.0)",True,12,Old Theory
113,cycle,2,0.5,0.4,0.6,new,"(0.5, 2.0)",True,79,Correct Theory
114,cycle,2,0.5,0.4,0.6,new,"(0.5, 2.0)",True,1,Old Theory
115,cycle,2,0.5,0.4,0.6,new,"(0.5, 2.0)",True,2,Old Theory
116,cycle,2,0.5,0.4,0.6,new,"(0.5, 2.0)",True,2,Old Theory
117,cycle,2,0.5,0.4,0.6,new,"(0.5, 2.0)",True,23,Correct Theory
118,cycle,2,0.5,0.4,0.6,new,"(0.5, 2.0)",True,1,Old Theory
119,cycle,2,0.5,0.4,0.6,new,"(0.5, 2.0)",True,66,Correct Theory
120,cycle,2,0.5,0.4,0.6,new,"(0.5, 2.0)",True,32,Correct Theory
121,cycle,2,0.5,0.4,0.6,new,"(0.5, 2.0)",True,87,Correct Theory
122,cycle,2,0.5,0.4,0.6,new,"(0.5, 2.0)",True,127,Correct Theory
123,cycle,2,0.5,0.4,0.6,new,"(0.5, 2.0)",True,16,Old Theory
124,cycle,2,0.5,0.4,0.6,new,"(0.5, 2.0)",True,37,Correct Theory
125,cycle,2,0.5,0.4,0.6,new,"(0.5, 2.0)",True,44,Correct Theory
126,cycle,2,0.5,0.4,0.6,new,"(0.5, 2.0)",True,42,Correct Theory
127,cycle,2,0.5,0.4,0.6,new,"(0.5, 2.0)",True,140,Correct Theory
128,cycle,2,0.5,0.4,0.6,new,"(0.5, 2.0)",True,38,Correct Theory
129,cycle,2,0.5,0.4,0.6,new,"(0.5, 2.0)",True,2,Old Theory
130,cycle,2,0.5,0.4,0.6,new,"(0.5, 2.0)",True,54,Correct Theory
131,cycle,2,0.5,0.4,0.6,new,"(0.5, 2.0)",True,9,Old Theory
132,cycle,2,0.5,0.4,0.6,new,"(0.5, 2.0)",True,1,Old Theory
133,cycle,2,0.5,0.4,0.6,new,"(0.5, 2.0)",True,40,Correct Theory
134,cycle,2,0.5,0.4,0.6,new,"(0.5, 2.0)",True,32,Correct Theory
135,cycle,2,0.5,0.4,0.6,new,"(0.5, 2.0)",True,67,Correct Theory
136,cycle,2,0.5,0.4,0.6,new,"(0.5, 2.0)",True,33,Correct Theory
137,cycle,2,0.5,0.4,0.6,new,"(0.5, 2.0)",True,35,Correct Theory
138,cycle,2,0.5,0.4,0.6,new,"(0.5, 2.0)",True,1,Old Theory
139,cycle,2,0.5,0.4,0.6,new,"(0.5, 2.0)",True,6,Old Theory
140,cycle,2,0.5,0.4,0.6,new,"(0.5, 2.0)",True,69,Correct Theory
141,cycle,2,0.5,0.4,0.6,new,"(0.5, 2.0)",True,3,Old Theory
142,cycle,2,0.5,0.4,0.6,new,"(0.5, 2.0)",True,23,Correct Theory
143,cycle,2,0.5,0.4,0.6,new,"(0.5, 2.0)",True,91,Correct Theory
144,cycle,2,0.5,0.4,0.6,new,"(0.5, 2.0)",True,158,Correct Theory
145,cycle,2,0.5,0.4,0.6,new,"(0.5, 2.0)",True,59,Correct Theory
146,cycle,2,0.5,0.4,0.6,new,"(0.5, 2.0)",True,83,Correct Theory
147,cycle,2,0.5,0.4,0.6,new,"(0.5, 2.0)",True,6,Old Theory
148,cycle,2,0.5,0.4,0.6,new,"(0.5, 2.0)",True,59,Correct Theory
149,cycle,2,0.5,0.4,0.6,new,"(0.5, 2.0)",True,1,Old Theory
150,cycle,2,0.5,0.4,0.6,new,"(0.5, 2.0)",True,79,Correct Theory
151,cycle,2,0.5,0.4,0.6,new,"(0.5, 2.0)",True,55,Old Theory
152,cycle,2,0.5,0.4,0.6,new,"(0.5, 2.0)",True,62,Correct Theory
153,cycle,2,0.5,0.4,0.6,new,"(0.5, 2.0)",True,59,Correct Theory
154,cycle,2,0.5,0.4,0.6,new,"(0.5, 2.0)",True,23,Correct Theory
155,cycle,2,0.5,0.4,0.6,new,"(0.5, 2.0)",True,1,Old Theory
156,cycle,2,0.5,0.4,0.6,new,"(0.5, 2.0)",True,41,Correct Theory
157,cycle,2,0.5,0.4,0.6,new,"(0.5, 2.0)",True,49,Correct Theory
158,cycle,2,0.5,0.4,0.6,new,"(0.5, 2.0)",True,1,Old Theory
159,cycle,2,0.5,0.4,0.6,new,"(0.5, 2.0)",True,1,Old Theory
160,cycle,2,0.5,0.4,0.6,new,"(0.5, 2.0)",True,1,Old Theory
161,cycle,2,0.5,0.4,0.6,new,"(0.5, 2.0)",True,1,Old Theory
162,cycle,2,0.5,0.4,0.6,new,"(0.5, 2.0)",True,1,Old Theory
163,cycle,2,0.5,0.4,0.6,new,"(0.5, 2.0)",True,1,Old Theory
164,cycle,2,0.5,0.4,0.6,new,"(0.5, 2.0)",True,1,Old Theory
165,cycle,2,0.5,0.4,0.6,new,"(0.5, 2.0)",True,39,Correct Theory
166,cycle,2,0.5,0.4,0.6,new,"(0.5, 2.0)",True,32,Correct Theory
167,cycle,2,0.5,0.4,0.6,new,"(0.5, 2.0)",True,5,Old Theory
168,cycle,2,0.5,0.4,0.6,new,"(0.5, 2.0)",True,8,Old Theory
169,cycle,2,0.5,0.4,0.6,new,"(0.5, 2.0)",True,3,Old Theory
170,cycle,2,0.5,0.4,0.6,new,"(0.5, 2.0)",True,47,Correct Theory
171,cycle,2,0.5,0.4,0.6,new,"(0.5, 2.0)",True,20,Correct Theory
172,cycle,2,0.5,0.4,0.6,new,"(0.5, 2.0)",True,5,Old Theory
173,cycle,2,0.5,0.4,0.6,new,"(0.5, 2.0)",True,3,Old Theory
174,cycle,2,0.5,0.4,0.6,new,"(0.5, 2.0)",True,23,Old Theory
175,cycle,2,0.5,0.4,0.6,new,"(0.5, 2.0)",True,1,Old Theory
176,cycle,2,0.5,0.4,0.6,new,"(0.5, 2.0)",True,1,Old Theory
177,cycle,2,0.5,0.4,0.6,new,"(0.5, 2.0)",True,77,Correct Theory
178,cycle,2,0.5,0.4,0.6,new,"(0.5, 2.0)",True,1,Old Theory
179,cycle,2,0.5,0.4,0.6,new,"(0.5, 2.0)",True,5,Old Theory
180,cycle,2,0.5,0.4,0.6,new,"(0.5, 2.0)",True,64,Correct Theory
181,cycle,2,0.5,0.4,0.6,new,"(0.5, 2.0)",True,36,Correct Theory
182,cycle,2,0.5,0.4,0.6,new,"(0.5, 2.0)",True,1,Old Theory
183,cycle,2,0.5,0.4,0.6,new,"(0.5, 2.0)",True,35,Correct Theory
184,cycle,2,0.5,0.4,0.6,new,"(0.5, 2.0)",True,1,Old Theory
185,cycle,2,0.5,0.4,0.6,new,"(0.5, 2.0)",True,1,Old Theory
186,cycle,2,0.5,0.4,0.6,new,"(0.5, 2.0)",True,45,Correct Theory
187,cycle,2,0.5,0.4,0.6,new,"(0.5, 2.0)",True,81,Correct Theory
188,cycle,2,0.5,0.4,0.6,new,"(0.5, 2.0)",True,46,Correct Theory
189,cycle,2,0.5,0.4,0.6,new,"(0.5, 2.0)",True,1,Old Theory
190,cycle,2,0.5,0.4,0.6,new,"(0.5, 2.0)",True,81,Correct Theory
191,cycle,2,0.5,0.4,0.6,new,"(0.5, 2.0)",True,35,Correct Theory
192,cycle,2,0.5,0.4,0.6,new,"(0.5, 2.0)",True,1,Old Theory
193,cycle,2,0.5,0.4,0.6,new,"(0.5, 2.0)",True,34,Correct Theory
194,cycle,2,0.5,0.4,0.6,new,"(0.5, 2.0)",True,73,Correct Theory
195,cycle,2,0.5,0.4,0.6,new,"(0.5, 2.0)",True,16,Old Theory
196,cycle,2,0.5,0.4,0.6,new,"(0.5, 2.0)",True,1,Old Theory
197,cycle,2,0.5,0.4,0.6,new,"(0.5, 2.0)",True,54,Correct Theory
198,cycle,2,0.5,0.4,0.6,new,"(0.5, 2.0)",True,56,Correct Theory
199,cycle,2,0.5,0.4,0.6,new,"(0.5, 2.0)",True,5,Old Theory
200,cycle,2,0.5,0.4,0.6,new,"(0.5, 2.0)",True,1,Old Theory
201,cycle,2,0.5,0.4,0.6,new,"(0.5, 2.0)",True,2,Old Theory
202,cycle,2,0.5,0.4,0.6,new,"(0.5, 2.0)",True,1,Old Theory
203,cycle,2,0.5,0.4,0.6,new,"(0.5, 2.0)",True,8,Old Theory
204,cycle,2,0.5,0.4,0.6,new,"(0.5, 2.0)",True,62,Correct Theory
205,cycle,2,0.5,0.4,0.6,new,"(0.5, 2.0)",True,74,Correct Theory
206,cycle,2,0.5,0.4,0.6,new,"(0.5, 2.0)",True,53,Correct Theory
207,cycle,2,0.5,0.4,0.6,new,"(0.5, 2.0)",True,67,Correct Theory
208,cycle,2,0.5,0.4,0.6,new,"(0.5, 2.0)",True,55,Correct Theory
209,cycle,2,0.5,0.4,0.6,new,"(0.5, 2.0)",True,36,Correct Theory
210,cycle,2,0.5,0.4,0.6,new,"(0.5, 2.0)",True,3,Old Theory
211,cycle,2,0.5,0.4,0.6,new,"(0.5, 2.0)",True,65,Correct Theory
212,cycle,2,0.5,0.4,0.6,new,"(0.5, 2.0)",True,1,Old Theory
213,cycle,2,0.5,0.4,0.6,new,"(0.5, 2.0)",True,77,Correct Theory
214,cycle,2,0.5,0.4,0.6,new,"(0.5, 2.0)",True,1,Old Theory
215,cycle,2,0.5,0.4,0.6,new,"(0.5, 2.0)",True,65,Correct Theory
216,cycle,2,0.5,0.4,0.6,new,"(0.5, 2.0)",True,1,Old Theory
217,cycle,2,0.5,0.4,0.6,new,"(0.5, 2.0)",True,23,Old Theory
218,cycle,2,0.5,0.4,0.6,new,"(0.5, 2.0)",True,32,Correct Theory
219,cycle,2,0.5,0.4,0.6,new,"(0.5, 2.0)",True,60,Correct Theory
220,cycle,2,0.5,0.4,0.6,new,"(0.5, 2.0)",True,1,Old Theory
221,cycle,2,0.5,0.4,0.6,new,"(0.5, 2.0)",True,44,Correct Theory
222,cycle,2,0.5,0.4,0.6,new,"(0.5, 2.0)",True,29,Correct Theory
223,cycle,2,0.5,0.4,0.6,new,"(0.5, 2.0)",True,41,Correct Theory
224,cycle,2,0.5,0.4,0.6,new,"(0.5, 2.0)",True,1,Old Theory
225,cycle,2,0.5,0.4,0.6,new,"(0.5, 2.0)",True,2,Old Theory
226,cycle,2,0.5,0.4,0.6,new,"(0.5, 2.0)",True,1,Old Theory
227,cycle,2,0.5,0.4,0.6,new,"(0.5, 2.0)",True,1,Old Theory
228,cycle,2,0.5,0.4,0.6,new,"(0.5, 2.0)",True,29,Correct Theory
229,cycle,2,0.5,0.4,0.6,new,"(0.5, 2.0)",True,2,Old Theory
230,cycle,2,0.5,0.4,0.6,new,"(0.5, 2.0)",True,1,Old Theory
231,cycle,2,0.5,0.4,0.6,new,"(0.5, 2.0)",True,1,Old Theory
232,cycle,2,0.5,0.4,0.6,new,"(0.5, 2.0)",True,142,Correct Theory
233,cycle,2,0.5,0.4,0.6,new,"(0.5, 2.0)",True,1,Old Theory
234,cycle,2,0.5,0.4,0.6,new,"(0.5, 2.0)",True,48,Correct Theory
235,cycle,2,0.5,0.4,0.6,new,"(0.5, 2.0)",True,108,Correct Theory
236,cycle,2,0.5,0.4,0.6,new,"(0.5, 2.0)",True,51,Correct Theory
237,cycle,2,0.5,0.4,0.6,new,"(0.5, 2.0)",True,44,Correct Theory
238,cycle,2,0.5,0.4,0.6,new,"(0.5, 2.0)",True,46,Correct Theory
239,cycle,2,0.5,0.4,0.6,new,"(0.5, 2.0)",True,65,Correct Theory
240,cycle,2,0.5,0.4,0.6,new,"(0.5, 2.0)",True,1,Old Theory
241,cycle,2,0.5,0.4,0.6,new,"(0.5, 2.0)",True,75,Correct Theory
242,cycle,2,0.5,0.4,0.6,new,"(0.5, 2.0)",True,29,Correct Theory
243,cycle,2,0.5,0.4,0.6,new,"(0.5, 2.0)",True,1,Old Theory
244,cycle,2,0.5,0.4,0.6,new,"(0.5, 2.0)",True,70,Correct Theory
245,cycle,2,0.5,0.4,0.6,new,"(0.5, 2.0)",True,50,Correct Theory
246,cycle,2,0.5,0.4,0.6,new,"(0.5, 2.0)",True,5,Old Theory
247,cycle,2,0.5,0.4,0.6,new,"(0.5, 2.0)",True,1,Old Theory
248,cycle,2,0.5,0.4,0.6,new,"(0.5, 2.0)",True,49,Correct Theory
249,cycle,2,0.5,0.4,0.6,new,"(0.5, 2.0)",True,1,Old Theory
250,cycle,2,0.5,0.4,0.6,new,"(0.5, 2.0)",True,97,Correct Theory
251,cycle,2,0.5,0.4,0.6,new,"(0.5, 2.0)",True,27,Correct Theory
252,cycle,2,0.5,0.4,0.6,new,"(0.5, 2.0)",True,1,Old Theory
253,cycle,2,0.5,0.4,0.6,new,"(0.5, 2.0)",True,88,Correct Theory
254,cycle,2,0.5,0.4,0.6,new,"(0.5, 2.0)",True,37,Correct Theory
255,cycle,2,0.5,0.4,0.6,new,"(0.5, 2.0)",True,55,Correct Theory
256,cycle,2,0.5,0.4,0.6,new,"(0.5, 2.0)",True,1,Old Theory
257,cycle,2,0.5,0.4,0.6,new,"(0.5, 2.0)",True,1,Old Theory
258,cycle,2,0.5,0.4,0.6,new,"(0.5, 2.0)",True,1,Old Theory
259,cycle,2,0.5,0.4,0.6,new,"(0.5, 2.0)",True,60,Correct Theory
260,cycle,2,0.5,0.4,0.6,new,"(0.5, 2.0)",True,63,Correct Theory
261,cycle,2,0.5,0.4,0.6,new,"(0.5, 2.0)",True,7,Old Theory
262,cycle,2,0.5,0.4,0.6,new,"(0.5, 2.0)",True,1,Old Theory
263,cycle,2,0.5,0.4,0.6,new,"(0.5, 2.0)",True,55,Correct Theory
264,cycle,2,0.5,0.4,0.6,new,"(0.5, 2.0)",True,62,Correct Theory
265,cycle,2,0.5,0.4,0.6,new,"(0.5, 2.0)",True,119,Correct Theory
266,cycle,2,0.5,0.4,0.6,new,"(0.5, 2.0)",True,11,Old Theory
267,cycle,2,0.5,0.4,0.6,new,"(0.5, 2.0)",True,50,Correct Theory
268,cycle,2,0.5,0.4,0.6,new,"(0.5, 2.0)",True,3,Old Theory
269,cycle,2,0.5,0.4,0.6,new,"(0.5, 2.0)",True,14,Old Theory
270,cycle,2,0.5,0.4,0.6,new,"(0.5, 2.0)",True,1,Old Theory
271,cycle,2,0.5,0.4,0.6,new,"(0.5, 2.0)",True,32,Correct Theory
272,cycle,2,0.5,0.4,0.6,new,"(0.5, 2.0)",True,1,Old Theory
273,cycle,2,0.5,0.4,0.6,new,"(0.5, 2.0)",True,1,Old Theory
274,cycle,2,0.5,0.4,0.6,new,"(0.5, 2.0)",True,8,Old Theory
275,cycle,2,0.5,0.4,0.6,new,"(0.5, 2.0)",True,33,Correct Theory
276,cycle,2,0.5,0.4,0.6,new,"(0.5, 2.0)",True,1,Old Theory
277,cycle,2,0.5,0.4,0.6,new,"(0.5, 2.0)",True,46,Correct Theory
278,cycle,2,0.5,0.4,0.6,new,"(0.5, 2.0)",True,1,Old Theory
279,cycle,2,0.5,0.4,0.6,new,"(0.5, 2.0)",True,1,Old Theory
280,cycle,2,0.5,0.4,0.6,new,"(0.5, 2.0)",True,64,Correct Theory
281,cycle,2,0.5,0.4,0.6,new,"(0.5, 2.0)",True,19,Old Theory
282,cycle,2,0.5,0.4,0.6,new,"(0.5, 2.0)",True,87,Correct Theory
283,cycle,2,0.5,0.4,0.6,new,"(0.5, 2.0)",True,35,Correct Theory
284,cycle,2,0.5,0.4,0.6,new,"(0.5, 2.0)",True,43,Correct Theory
285,cycle,2,0.5,0.4,0.6,new,"(0.5, 2.0)",True,2,Old Theory
286,cycle,2,0.5,0.4,0.6,new,"(0.5, 2.0)",True,1,Old Theory
287,cycle,2,0.5,0.4,0.6,new,"(0.5, 2.0)",True,36,Correct Theory
288,cycle,2,0.5,0.4,0.6,new,"(0.5, 2.0)",True,3,Old Theory
289,cycle,2,0.5,0.4,0.6,new,"(0.5, 2.0)",True,119,Correct Theory
290,cycle,2,0.5,0.4,0.6,new,"(0.5, 2.0)",True,1,Old Theory
291,cycle,2,0.5,0.4,0.6,new,"(0.5, 2.0)",True,1,Old Theory
292,cycle,2,0.5,0.4,0.6,new,"(0.5, 2.0)",True,1,Old Theory
293,cycle,2,0.5,0.4,0.6,new,"(0.5, 2.0)",True,1,Old Theory
294,cycle,2,0.5,0.4,0.6,new,"(0.5, 2.0)",True,2,Old Theory
295,cycle,2,0.5,0.4,0.6,new,"(0.5, 2.0)",True,56,Correct Theory
296,cycle,2,0.5,0.4,0.6,new,"(0.5, 2.0)",True,48,Correct Theory
297,cycle,2,0.5,0.4,0.6,new,"(0.5, 2.0)",True,85,Correct Theory
298,cycle,2,0.5,0.4,0.6,new,"(0.5, 2.0)",True,31,Correct Theory
299,cycle,2,0.5,0.4,0.6,new,"(0.5, 2.0)",True,16,Old Theory
300,cycle,2,0.5,0.4,0.6,new,"(0.5, 2.0)",True,63,Correct Theory
301,cycle,2,0.5,0.4,0.6,new,"(0.5, 2.0)",True,3,Old Theory
302,cycle,2,0.5,0.4,0.6,new,"(0.5, 2.0)",True,101,Correct Theory
303,cycle,2,0.5,0.4,0.6,new,"(0.5, 2.0)",True,16,Old Theory
304,cycle,2,0.5,0.4,0.6,new,"(0.5, 2.0)",True,1,Old Theory
305,cycle,2,0.5,0.4,0.6,new,"(0.5, 2.0)",True,50,Correct Theory
306,cycle,2,0.5,0.4,0.6,new,"(0.5, 2.0)",True,8,Old Theory
307,cycle,2,0.5,0.4,0.6,new,"(0.5, 2.0)",True,69,Correct Theory
308,cycle,2,0.5,0.4,0.6,new,"(0.5, 2.0)",True,49,Correct Theory
309,cycle,2,0.5,0.4,0.6,new,"(0.5, 2.0)",True,1,Old Theory
310,cycle,2,0.5,0.4,0.6,new,"(0.5, 2.0)",True,154,Correct Theory
311,cycle,2,0.5,0.4,0.6,new,"(0.5, 2.0)",True,164,Correct Theory
312,cycle,2,0.5,0.4,0.6,new,"(0.5, 2.0)",True,21,Old Theory
313,cycle,2,0.5,0.4,0.6,new,"(0.5, 2.0)",True,1,Old Theory
314,cycle,2,0.5,0.4,0.6,new,"(0.5, 2.0)",True,8,Old Theory
315,cycle,2,0.5,0.4,0.6,new,"(0.5, 2.0)",True,63,Correct Theory
316,cycle,2,0.5,0.4,0.6,new,"(0.5, 2.0)",True,89,Correct Theory
317,cycle,2,0.5,0.4,0.6,new,"(0.5, 2.0)",True,1,Old Theory
318,cycle,2,0.5,0.4,0.6,new,"(0.5, 2.0)",True,38,Correct Theory
319,cycle,2,0.5,0.4,0.6,new,"(0.5, 2.0)",True,58,Correct Theory
320,cycle,2,0.5,0.4,0.6,new,"(0.5, 2.0)",True,41,Correct Theory
321,cycle,2,0.5,0.4,0.6,new,"(0.5, 2.0)",True,2,Old Theory
322,cycle,2,0.5,0.4,0.6,new,"(0.5, 2.0)",True,1,Old Theory
323,cycle,2,0.5,0.4,0.6,new,"(0.5, 2.0)",True,83,Correct Theory
324,cycle,2,0.5,0.4,0.6,new,"(0.5, 2.0)",True,1,Old Theory
325,cycle,2,0.5,0.4,0.6,new,"(0.5, 2.0)",True,51,Old Theory
326,cycle,2,0.5,0.4,0.6,new,"(0.5, 2.0)",True,1,Old Theory
327,cycle,2,0.5,0.4,0.6,new,"(0.5, 2.0)",True,3,Old Theory
328,cycle,2,0.5,0.4,0.6,new,"(0.5, 2.0)",True,1,Old Theory
329,cycle,2,0.5,0.4,0.6,new,"(0.5, 2.0)",True,49,Correct Theory
330,cycle,2,0.5,0.4,0.6,new,"(0.5, 2.0)",True,2,Old Theory
331,cycle,2,0.5,0.4,0.6,new,"(0.5, 2.0)",True,49,Correct Theory
332,cycle,2,0.5,0.4,0.6,new,"(0.5, 2.0)",True,1,Old Theory
333,cycle,2,0.5,0.4,0.6,new,"(0.5, 2.0)",True,29,Correct Theory
334,cycle,2,0.5,0.4,0.6,new,"(0.5, 2.0)",True,1,Old Theory
335,cycle,2,0.5,0.4,0.6,new,"(0.5, 2.0)",True,22,Old Theory
336,cycle,2,0.5,0.4,0.6,new,"(0.5, 2.0)",True,37,Correct Theory
337,cycle,2,0.5,0.4,0.6,new,"(0.5, 2.0)",True,1,Old Theory
338,cycle,2,0.5,0.4,0.6,new,"(0.5, 2.0)",True,9,Old Theory
339,cycle,2,0.5,0.4,0.6,new,"(0.5, 2.0)",True,3,Old Theory
340,cycle,2,0.5,0.4,0.6,new,"(0.5, 2.0)",True,60,Correct Theory
341,cycle,2,0.5,0.4,0.6,new,"(0.5, 2.0)",True,1,Old Theory
342,cycle,2,0.5,0.4,0.6,new,"(0.5, 2.0)",True,2,Old Theory
343,cycle,2,0.5,0.4,0.6,new,"(0.5, 2.0)",True,75,Correct Theory
344,cycle,2,0.5,0.4,0.6,new,"(0.5, 2.0)",True,64,Correct Theory
345,cycle,2,0.5,0.4,0.6,new,"(0.5, 2.0)",True,42,Correct Theory
346,cycle,2,0.5,0.4,0.6,new,"(0.5, 2.0)",True,66,Correct Theory
347,cycle,2,0.5,0.4,0.6,new,"(0.5, 2.0)",True,1,Old Theory
348,cycle,2,0.5,0.4,0.6,new,"(0.5, 2.0)",True,1,Old Theory
349,cycle,2,0.5,0.4,0.6,new,"(0.5, 2.0)",True,24,Correct Theory
350,cycle,2,0.5,0.4,0.6,new,"(0.5, 2.0)",True,28,Correct Theory
351,cycle,2,0.5,0.4,0.6,new,"(0.5, 2.0)",True,107,Old Theory
352,cycle,2,0.5,0.4,0.6,new,"(0.5, 2.0)",True,8,Old Theory
353,cycle,2,0.5,0.4,0.6,new,"(0.5, 2.0)",True,1,Old Theory
354,cycle,2,0.5,0.4,0.6,new,"(0.5, 2.0)",True,86,Correct Theory
355,cycle,2,0.5,0.4,0.6,new,"(0.5, 2.0)",True,88,Correct Theory
356,cycle,2,0.5,0.4,0.6,new,"(0.5, 2.0)",True,58,Correct Theory
357,cycle,2,0.5,0.4,0.6,new,"(0.5, 2.0)",True,3,Old Theory
358,cycle,2,0.5,0.4,0.6,new,"(0.5, 2.0)",True,1,Old Theory
359,cycle,2,0.5,0.4,0.6,new,"(0.5, 2.0)",True,1,Old Theory
360,cycle,2,0.5,0.4,0.6,new,"(0.5, 2.0)",True,45,Correct Theory
361,cycle,2,0.5,0.4,0.6,new,"(0.5, 2.0)",True,6,Old Theory
362,cycle,2,0.5,0.4,0.6,new,"(0.5, 2.0)",True,1,Old Theory
363,cycle,2,0.5,0.4,0.6,new,"(0.5, 2.0)",True,1,Old Theory
364,cycle,2,0.5,0.4,0.6,new,"(0.5, 2.0)",True,106,Correct Theory
365,cycle,2,0.5,0.4,0.6,new,"(0.5, 2.0)",True,59,Correct Theory
366,cycle,2,0.5,0.4,0.6,new,"(0.5, 2.0)",True,1,Old Theory
367,cycle,2,0.5,0.4,0.6,new,"(0.5, 2.0)",True,43,Correct Theory
368,cycle,2,0.5,0.4,0.6,new,"(0.5, 2.0)",True,106,Correct Theory
369,cycle,2,0.5,0.4,0.6,new,"(0.5, 2.0)",True,33,Correct Theory
370,cycle,2,0.5,0.4,0.6,new,"(0.5, 2.0)",True,41,Correct Theory
371,cycle,2,0.5,0.4,0.6,new,"(0.5, 2.0)",True,50,Correct Theory
372,cycle,2,0.5,0.4,0.6,new,"(0.5, 2.0)",True,1,Old Theory
373,cycle,2,0.5,0.4,0.6,new,"(0.5, 2.0)",True,35,Correct Theory
374,cycle,2,0.5,0.4,0.6,new,"(0.5, 2.0)",True,56,Correct Theory
375,cycle,2,0.5,0.4,0.6,new,"(0.5, 2.0)",True,18,Old Theory
376,cycle,2,0.5,0.4,0.6,new,"(0.5, 2.0)",True,40,Old Theory
377,cycle,2,0.5,0.4,0.6,new,"(0.5, 2.0)",True,5,Old Theory
378,cycle,2,0.5,0.4,0.6,new,"(0.5, 2.0)",True,157,Correct Theory
379,cycle,2,0.5,0.4,0.6,new,"(0.5, 2.0)",True,23,Correct Theory
380,cycle,2,0.5,0.4,0.6,new,"(0.5, 2.0)",True,1,Old Theory
381,cycle,2,0.5,0.4,0.6,new,"(0.5, 2.0)",True,2,Old Theory
382,cycle,2,0.5,0.4,0.6,new,"(0.5, 2.0)",True,1,Old Theory
383,cycle,2,0.5,0.4,0.6,new,"(0.5, 2.0)",True,56,Correct Theory
384,cycle,2,0.5,0.4,0.6,new,"(0.5, 2.0)",True,41,Correct Theory
385,cycle,2,0.5,0.4,0.6,new,"(0.5, 2.0)",True,62,Correct Theory
386,cycle,2,0.5,0.4,0.6,new,"(0.5, 2.0)",True,124,Correct Theory
387,cycle,2,0.5,0.4,0.6,new,"(0.5, 2.0)",True,3,Old Theory
388,cycle,2,0.5,0.4,0.6,new,"(0.5, 2.0)",True,1,Old Theory
389,cycle,2,0.5,0.4,0.6,new,"(0.5, 2.0)",True,131,Correct Theory
390,cycle,2,0.5,0.4,0.6,new,"(0.5, 2.0)",True,39,Correct Theory
391,cycle,2,0.5,0.4,0.6,new,"(0.5, 2.0)",True,42,Correct Theory
392,cycle,2,0.5,0.4,0.6,new,"(0.5, 2.0)",True,66,Correct Theory
393,cycle,2,0.5,0.4,0.6,new,"(0.5, 2.0)",True,5,Old Theory
394,cycle,2,0.5,0.4,0.6,new,"(0.5, 2.0)",True,1,Old Theory
395,cycle,2,0.5,0.4,0.6,new,"(0.5, 2.0)",True,1,Old Theory
396,cycle,2,0.5,0.4,0.6,new,"(0.5, 2.0)",True,35,Correct Theory
397,cycle,2,0.5,0.4,0.6,new,"(0.5, 2.0)",True,2,Old Theory
398,cycle,2,0.5,0.4,0.6,new,"(0.5, 2.0)",True,38,Correct Theory
399,cycle,2,0.5,0.4,0.6,new,"(0.5, 2.0)",True,48,Correct Theory
400,cycle,2,0.5,0.4,0.6,new,"(0.5, 2.0)",True,33,Correct Theory
401,cycle,2,0.5,0.4,0.6,new,"(0.5, 2.0)",True,1,Old Theory
402,cycle,2,0.5,0.4,0.6,new,"(0.5, 2.0)",True,1,Old Theory
403,cycle,2,0.5,0.4,0.6,new,"(0.5, 2.0)",True,22,Correct Theory
404,cycle,2,0.5,0.4,0.6,new,"(0.5, 2.0)",True,60,Correct Theory
405,cycle,2,0.5,0.4,0.6,new,"(0.5, 2.0)",True,1,Old Theory
406,cycle,2,0.5,0.4,0.6,new,"(0.5, 2.0)",True,72,Correct Theory
407,cycle,2,0.5,0.4,0.6,new,"(0.5, 2.0)",True,43,Correct Theory
408,cycle,2,0.5,0.4,0.6,new,"(0.5, 2.0)",True,57,Correct Theory
409,cycle,2,0.5,0.4,0.6,new,"(0.5, 2.0)",True,1,Old Theory
410,cycle,2,0.5,0.4,0.6,new,"(0.5, 2.0)",True,1,Old Theory
411,cycle,2,0.5,0.4,0.6,new,"(0.5, 2.0)",True,2,Old Theory
412,cycle,2,0.5,0.4,0.6,new,"(0.5, 2.0)",True,95,Correct Theory
413,cycle,2,0.5,0.4,0.6,new,"(0.5, 2.0)",True,1,Old Theory
414,cycle,2,0.5,0.4,0.6,new,"(0.5, 2.0)",True,16,Old Theory
415,cycle,2,0.5,0.4,0.6,new,"(0.5, 2.0)",True,5,Old Theory
416,cycle,2,0.5,0.4,0.6,new,"(0.5, 2.0)",True,1,Old Theory
417,cycle,2,0.5,0.4,0.6,new,"(0.5, 2.0)",True,34,Correct Theory
418,cycle,2,0.5,0.4,0.6,new,"(0.5, 2.0)",True,1,Old Theory
419,cycle,2,0.5,0.4,0.6,new,"(0.5, 2.0)",True,60,Correct Theory
420,cycle,2,0.5,0.4,0.6,new,"(0.5, 2.0)",True,33,Correct Theory
421,cycle,2,0.5,0.4,0.6,new,"(0.5, 2.0)",True,1,Old Theory
422,cycle,2,0.5,0.4,0.6,new,"(0.5, 2.0)",True,41,Correct Theory
423,cycle,2,0.5,0.4,0.6,new,"(0.5, 2.0)",True,39,Old Theory
424,cycle,2,0.5,0.4,0.6,new,"(0.5, 2.0)",True,1,Old Theory
425,cycle,2,0.5,0.4,0.6,new,"(0.5, 2.0)",True,66,Correct Theory
426,cycle,2,0.5,0.4,0.6,new,"(0.5, 2.0)",True,4,Old Theory
427,cycle,2,0.5,0.4,0.6,new,"(0.5, 2.0)",True,1,Old Theory
428,cycle,2,0.5,0.4,0.6,new,"(0.5, 2.0)",True,57,Old Theory
429,cycle,2,0.5,0.4,0.6,new,"(0.5, 2.0)",True,43,Correct Theory
430,cycle,2,0.5,0.4,0.6,new,"(0.5, 2.0)",True,1,Old Theory
431,cycle,2,0.5,0.4,0.6,new,"(0.5, 2.0)",True,1,Old Theory
432,cycle,2,0.5,0.4,0.6,new,"(0.5, 2.0)",True,30,Correct Theory
433,cycle,2,0.5,0.4,0.6,new,"(0.5, 2.0)",True,41,Old Theory
434,cycle,2,0.5,0.4,0.6,new,"(0.5, 2.0)",True,97,Correct Theory
435,cycle,2,0.5,0.4,0.6,new,"(0.5, 2.0)",True,20,Old Theory
436,cycle,2,0.5,0.4,0.6,new,"(0.5, 2.0)",True,1,Old Theory
437,cycle,2,0.5,0.4,0.6,new,"(0.5, 2.0)",True,1,Old Theory
438,cycle,2,0.5,0.4,0.6,new,"(0.5, 2.0)",True,124,Correct Theory
439,cycle,2,0.5,0.4,0.6,new,"(0.5, 2.0)",True,49,Correct Theory
440,cycle,2,0.5,0.4,0.6,new,"(0.5, 2.0)",True,39,Correct Theory
441,cycle,2,0.5,0.4,0.6,new,"(0.5, 2.0)",True,125,Correct Theory
442,cycle,2,0.5,0.4,0.6,new,"(0.5, 2.0)",True,74,Correct Theory
443,cycle,2,0.5,0.4,0.6,new,"(0.5, 2.0)",True,1,Old Theory
444,cycle,2,0.5,0.4,0.6,new,"(0.5, 2.0)",True,91,Correct Theory
445,cycle,2,0.5,0.4,0.6,new,"(0.5, 2.0)",True,84,Correct Theory
446,cycle,2,0.5,0.4,0.6,new,"(0.5, 2.0)",True,3,Old Theory
447,cycle,2,0.5,0.4,0.6,new,"(0.5, 2.0)",True,1,Old Theory
448,cycle,2,0.5,0.4,0.6,new,"(0.5, 2.0)",True,84,Correct Theory
449,cycle,2,0.5,0.4,0.6,new,"(0.5, 2.0)",True,1,Old Theory
450,cycle,2,0.5,0.4,0.6,new,"(0.5, 2.0)",True,1,Old Theory
451,cycle,2,0.5,0.4,0.6,new,"(0.5, 2.0)",True,39,Correct Theory
452,cycle,2,0.5,0.4,0.6,new,"(0.5, 2.0)",True,4,Old Theory
453,cycle,2,0.5,0.4,0.6,new,"(0.5, 2.0)",True,28,Correct Theory
454,cycle,2,0.5,0.4,0.6,new,"(0.5, 2.0)",True,55,Correct Theory
455,cycle,2,0.5,0.4,0.6,new,"(0.5, 2.0)",True,1,Old Theory
456,cycle,2,0.5,0.4,0.6,new,"(0.5, 2.0)",True,37,Correct Theory
457,cycle,2,0.5,0.4,0.6,new,"(0.5, 2.0)",True,4,Old Theory
458,cycle,2,0.5,0.4,0.6,new,"(0.5, 2.0)",True,2,Old Theory
459,cycle,2,0.5,0.4,0.6,new,"(0.5, 2.0)",True,15,Old Theory
460,cycle,2,0.5,0.4,0.6,new,"(0.5, 2.0)",True,20,Old Theory
461,cycle,2,0.5,0.4,0.6,new,"(0.5, 2.0)",True,77,Correct Theory
462,cycle,2,0.5,0.4,0.6,new,"(0.5, 2.0)",True,1,Old Theory
463,cycle,2,0.5,0.4,0.6,new,"(0.5, 2.0)",True,2,Old Theory
464,cycle,2,0.5,0.4,0.6,new,"(0.5, 2.0)",True,6,Old Theory
465,cycle,2,0.5,0.4,0.6,new,"(0.5, 2.0)",True,1,Old Theory
466,cycle,2,0.5,0.4,0.6,new,"(0.5, 2.0)",True,3,Old Theory
467,cycle,2,0.5,0.4,0.6,new,"(0.5, 2.0)",True,40,Correct Theory
468,cycle,2,0.5,0.4,0.6,new,"(0.5, 2.0)",True,79,Correct Theory
469,cycle,2,0.5,0.4,0.6,new,"(0.5, 2.0)",True,63,Correct Theory
470,cycle,2,0.5,0.4,0.6,new,"(0.5, 2.0)",True,44,Correct Theory
471,cycle,2,0.5,0.4,0.6,new,"(0.5, 2.0)",True,33,Correct Theory
472,cycle,2,0.5,0.4,0.6,new,"(0.5, 2.0)",True,1,Old Theory
473,cycle,2,0.5,0.4,0.6,new,"(0.5, 2.0)",True,1,Old Theory
474,cycle,2,0.5,0.4,0.6,new,"(0.5, 2.0)",True,53,Correct Theory
475,cycle,2,0.5,0.4,0.6,new,"(0.5, 2.0)",True,1,Old Theory
476,cycle,2,0.5,0.4,0.6,new,"(0.5, 2.0)",True,8,Old Theory
477,cycle,2,0.5,0.4,0.6,new,"(0.5, 2.0)",True,2,Old Theory
478,cycle,2,0.5,0.4,0.6,new,"(0.5, 2.0)",True,16,Correct Theory
479,cycle,2,0.5,0.4,0.6,new,"(0.5, 2.0)",True,1,Old Theory
480,cycle,2,0.5,0.4,0.6,new,"(0.5, 2.0)",True,1,Old Theory
481,cycle,2,0.5,0.4,0.6,new,"(0.5, 2.0)",True,1,Old Theory
482,cycle,2,0.5,0.4,0.6,new,"(0.5, 2.0)",True,6,Old Theory
483,cycle,2,0.5,0.4,0.6,new,"(0.5, 2.0)",True,2,Old Theory
484,cycle,2,0.5,0.4,0.6,new,"(0.5, 2.0)",True,1,Old Theory
485,cycle,2,0.5,0.4,0.6,new,"(0.5, 2.0)",True,16,Old Theory
486,cycle,2,0.5,0.4,0.6,new,"(0.5, 2.0)",True,1,Old Theory
487,cycle,2,0.5,0.4,0.6,new,"(0.5, 2.0)",True,1,Old Theory
488,cycle,2,0.5,0.4,0.6,new,"(0.5, 2.0)",True,55,Correct Theory
489,cycle,2,0.5,0.4,0.6,new,"(0.5, 2.0)",True,1,Old Theory
490,cycle,2,0.5,0.4,0.6,new,"(0.5, 2.0)",True,15,Old Theory
491,cycle,2,0.5,0.4,0.6,new,"(0.5, 2.0)",True,70,Correct Theory
492,cycle,2,0.5,0.4,0.6,new,"(0.5, 2.0)",True,1,Old Theory
493,cycle,2,0.5,0.4,0.6,new,"(0.5, 2.0)",True,1,Old Theory
494,cycle,2,0.5,0.4,0.6,new,"(0.5, 2.0)",True,1,Old Theory
495,cycle,2,0.5,0.4,0.6,new,"(0.5, 2.0)",True,53,Correct Theory
496,cycle,2,0.5,0.4,0.6,new,"(0.5, 2.0)",True,68,Correct Theory
497,cycle,2,0.5,0.4,0.6,new,"(0.5, 2.0)",True,3,Old Theory
498,cycle,2,0.5,0.4,0.6,new,"(0.5, 2.0)",True,2,Old Theory
499,cycle,2,0.5,0.4,0.6,new,"(0.5, 2.0)",True,121,Correct Theory
500,cycle,2,0.5,0.4,0.6,new,"(0.5, 2.0)",True,1,Old Theory
501,cycle,2,0.5,0.4,0.6,new,"(0.5, 2.0)",True,39,Correct Theory
502,cycle,2,0.5,0.4,0.6,new,"(0.5, 2.0)",True,49,Correct Theory
503,cycle,2,0.5,0.4,0.6,new,"(0.5, 2.0)",True,46,Correct Theory
504,cycle,2,0.5,0.4,0.6,new,"(0.5, 2.0)",True,65,Correct Theory
505,cycle,2,0.5,0.4,0.6,new,"(0.5, 2.0)",True,36,Correct Theory
506,cycle,2,0.5,0.4,0.6,new,"(0.5, 2.0)",True,21,Correct Theory
507,cycle,2,0.5,0.4,0.6,new,"(0.5, 2.0)",True,14,Old Theory
508,cycle,2,0.5,0.4,0.6,new,"(0.5, 2.0)",True,18,Old Theory
509,cycle,2,0.5,0.4,0.6,new,"(0.5, 2.0)",True,25,Correct Theory
510,cycle,2,0.5,0.4,0.6,new,"(0.5, 2.0)",True,1,Old Theory
511,cycle,2,0.5,0.4,0.6,new,"(0.5, 2.0)",True,1,Old Theory
512,cycle,2,0.5,0.4,0.6,new,"(0.5, 2.0)",True,17,Old Theory
513,cycle,2,0.5,0.4,0.6,new,"(0.5, 2.0)",True,2,Old Theory
514,cycle,2,0.5,0.4,0.6,new,"(0.5, 2.0)",True,34,Correct Theory
515,cycle,2,0.5,0.4,0.6,new,"(0.5, 2.0)",True,58,Correct Theory
516,cycle,2,0.5,0.4,0.6,new,"(0.5, 2.0)",True,1,Old Theory
517,cycle,2,0.5,0.4,0.6,new,"(0.5, 2.0)",True,1,Old Theory
518,cycle,2,0.5,0.4,0.6,new,"(0.5, 2.0)",True,69,Correct Theory
519,cycle,2,0.5,0.4,0.6,new,"(0.5, 2.0)",True,10,Old Theory
520,cycle,2,0.5,0.4,0.6,new,"(0.5, 2.0)",True,3,Old Theory
521,cycle,2,0.5,0.4,0.6,new,"(0.5, 2.0)",True,2,Old Theory
522,cycle,2,0.5,0.4,0.6,new,"(0.5, 2.0)",True,2,Old Theory
523,cycle,2,0.5,0.4,0.6,new,"(0.5, 2.0)",True,58,Old Theory
524,cycle,2,0.5,0.4,0.6,new,"(0.5, 2.0)",True,60,Correct Theory
525,cycle,2,0.5,0.4,0.6,new,"(0.5, 2.0)",True,51,Old Theory
526,cycle,2,0.5,0.4,0.6,new,"(0.5, 2.0)",True,30,Correct Theory
527,cycle,2,0.5,0.4,0.6,new,"(0.5, 2.0)",True,1,Old Theory
528,cycle,2,0.5,0.4,0.6,new,"(0.5, 2.0)",True,74,Correct Theory
529,cycle,2,0.5,0.4,0.6,new,"(0.5, 2.0)",True,68,Correct Theory
530,cycle,2,0.5,0.4,0.6,new,"(0.5, 2.0)",True,21,Correct Theory
531,cycle,2,0.5,0.4,0.6,new,"(0.5, 2.0)",True,61,Correct Theory
532,cycle,2,0.5,0.4,0.6,new,"(0.5, 2.0)",True,2,Old Theory
533,cycle,2,0.5,0.4,0.6,new,"(0.5, 2.0)",True,31,Old Theory
534,cycle,2,0.5,0.4,0.6,new,"(0.5, 2.0)",True,21,Old Theory
535,cycle,2,0.5,0.4,0.6,new,"(0.5, 2.0)",True,3,Old Theory
536,cycle,2,0.5,0.4,0.6,new,"(0.5, 2.0)",True,55,Correct Theory
537,cycle,2,0.5,0.4,0.6,new,"(0.5, 2.0)",True,1,Old Theory
538,cycle,2,0.5,0.4,0.6,new,"(0.5, 2.0)",True,1,Old Theory
539,cycle,2,0.5,0.4,0.6,new,"(0.5, 2.0)",True,73,Correct Theory
540,cycle,2,0.5,0.4,0.6,new,"(0.5, 2.0)",True,83,Correct Theory
541,cycle,2,0.5,0.4,0.6,new,"(0.5, 2.0)",True,75,Correct Theory
542,cycle,2,0.5,0.4,0.6,new,"(0.5, 2.0)",True,64,Correct Theory
543,cycle,2,0.5,0.4,0.6,new,"(0.5, 2.0)",True,55,Correct Theory
544,cycle,2,0.5,0.4,0.6,new,"(0.5, 2.0)",True,5,Old Theory
545,cycle,2,0.5,0.4,0.6,new,"(0.5, 2.0)",True,53,Correct Theory
546,cycle,2,0.5,0.4,0.6,new,"(0.5, 2.0)",True,54,Correct Theory
547,cycle,2,0.5,0.4,0.6,new,"(0.5, 2.0)",True,94,Correct Theory
548,cycle,2,0.5,0.4,0.6,new,"(0.5, 2.0)",True,1,Old Theory
549,cycle,2,0.5,0.4,0.6,new,"(0.5, 2.0)",True,1,Old Theory
550,cycle,2,0.5,0.4,0.6,new,"(0.5, 2.0)",True,58,Correct Theory
551,cycle,2,0.5,0.4,0.6,new,"(0.5, 2.0)",True,13,Old Theory
552,cycle,2,0.5,0.4,0.6,new,"(0.5, 2.0)",True,1,Old Theory
553,cycle,2,0.5,0.4,0.6,new,"(0.5, 2.0)",True,1,Old Theory
554,cycle,2,0.5,0.4,0.6,new,"(0.5, 2.0)",True,66,Correct Theory
555,cycle,2,0.5,0.4,0.6,new,"(0.5, 2.0)",True,13,Old Theory
556,cycle,2,0.5,0.4,0.6,new,"(0.5, 2.0)",True,6,Old Theory
557,cycle,2,0.5,0.4,0.6,new,"(0.5, 2.0)",True,64,Correct Theory
558,cycle,2,0.5,0.4,0.6,new,"(0.5, 2.0)",True,1,Old Theory
559,cycle,2,0.5,0.4,0.6,new,"(0.5, 2.0)",True,1,Old Theory
560,cycle,2,0.5,0.4,0.6,new,"(0.5, 2.0)",True,4,Old Theory
561,cycle,2,0.5,0.4,0.6,new,"(0.5, 2.0)",True,43,Correct Theory
562,cycle,2,0.5,0.4,0.6,new,"(0.5, 2.0)",True,14,Old Theory
563,cycle,2,0.5,0.4,0.6,new,"(0.5, 2.0)",True,1,Old Theory
564,cycle,2,0.5,0.4,0.6,new,"(0.5, 2.0)",True,38,Correct Theory
565,cycle,2,0.5,0.4,0.6,new,"(0.5, 2.0)",True,1,Old Theory
566,cycle,2,0.5,0.4,0.6,new,"(0.5, 2.0)",True,50,Correct Theory
567,cycle,2,0.5,0.4,0.6,new,"(0.5, 2.0)",True,17,Old Theory
568,cycle,2,0.5,0.4,0.6,new,"(0.5, 2.0)",True,1,Old Theory
569,cycle,2,0.5,0.4,0.6,new,"(0.5, 2.0)",True,51,Correct Theory
570,cycle,2,0.5,0.4,0.6,new,"(0.5, 2.0)",True,75,Correct Theory
571,cycle,2,0.5,0.4,0.6,new,"(0.5, 2.0)",True,44,Old Theory
572,cycle,2,0.5,0.4,0.6,new,"(0.5, 2.0)",True,28,Correct Theory
573,cycle,2,0.5,0.4,0.6,new,"(0.5, 2.0)",True,26,Correct Theory
574,cycle,2,0.5,0.4,0.6,new,"(0.5, 2.0)",True,4,Old Theory
575,cycle,2,0.5,0.4,0.6,new,"(0.5, 2.0)",True,47,Correct Theory
576,cycle,2,0.5,0.4,0.6,new,"(0.5, 2.0)",True,33,Correct Theory
577,cycle,2,0.5,0.4,0.6,new,"(0.5, 2.0)",True,3,Old Theory
578,cycle,2,0.5,0.4,0.6,new,"(0.5, 2.0)",True,79,Correct Theory
579,cycle,2,0.5,0.4,0.6,new,"(0.5, 2.0)",True,56,Old Theory
580,cycle,2,0.5,0.4,0.6,new,"(0.5, 2.0)",True,23,Correct Theory
581,cycle,2,0.5,0.4,0.6,new,"(0.5, 2.0)",True,35,Old Theory
582,cycle,2,0.5,0.4,0.6,new,"(0.5, 2.0)",True,1,Old Theory
583,cycle,2,0.5,0.4,0.6,new,"(0.5, 2.0)",True,58,Correct Theory
584,cycle,2,0.5,0.4,0.6,new,"(0.5, 2.0)",True,49,Correct Theory
585,cycle,2,0.5,0.4,0.6,new,"(0.5, 2.0)",True,1,Old Theory
586,cycle,2,0.5,0.4,0.6,new,"(0.5, 2.0)",True,70,Correct Theory
587,cycle,2,0.5,0.4,0.6,new,"(0.5, 2.0)",True,38,Correct Theory
588,cycle,2,0.5,0.4,0.6,new,"(0.5, 2.0)",True,171,Correct Theory
589,cycle,2,0.5,0.4,0.6,new,"(0.5, 2.0)",True,3,Old Theory
590,cycle,2,0.5,0.4,0.6,new,"(0.5, 2.0)",True,1,Old Theory
591,cycle,2,0.5,0.4,0.6,new,"(0.5, 2.0)",True,72,Correct Theory
592,cycle,2,0.5,0.4,0.6,new,"(0.5, 2.0)",True,12,Old Theory
593,cycle,2,0.5,0.4,0.6,new,"(0.5, 2.0)",True,65,Correct Theory
594,cycle,2,0.5,0.4,0.6,new,"(0.5, 2.0)",True,74,Correct Theory
595,cycle,2,0.5,0.4,0.6,new,"(0.5, 2.0)",True,18,Old Theory
596,cycle,2,0.5,0.4,0.6,new,"(0.5, 2.0)",True,44,Correct Theory
597,cycle,2,0.5,0.4,0.6,new,"(0.5, 2.0)",True,1,Old Theory
598,cycle,2,0.5,0.4,0.6,new,"(0.5, 2.0)",True,1,Old Theory
599,cycle,2,0.5,0.4,0.6,new,"(0.5, 2.0)",True,56,Correct Theory
600,cycle,2,0.5,0.4,0.6,new,"(0.5, 2.0)",True,29,Correct Theory
601,cycle,2,0.5,0.4,0.6,new,"(0.5, 2.0)",True,58,Correct Theory
602,cycle,2,0.5,0.4,0.6,new,"(0.5, 2.0)",True,1,Old Theory
603,cycle,2,0.5,0.4,0.6,new,"(0.5, 2.0)",True,47,Correct Theory
604,cycle,2,0.5,0.4,0.6,new,"(0.5, 2.0)",True,7,Old Theory
605,cycle,2,0.5,0.4,0.6,new,"(0.5, 2.0)",True,89,Correct Theory
606,cycle,2,0.5,0.4,0.6,new,"(0.5, 2.0)",True,1,Old Theory
607,cycle,2,0.5,0.4,0.6,new,"(0.5, 2.0)",True,38,Correct Theory
608,cycle,2,0.5,0.4,0.6,new,"(0.5, 2.0)",True,72,Correct Theory
609,cycle,2,0.5,0.4,0.6,new,"(0.5, 2.0)",True,1,Old Theory
610,cycle,2,0.5,0.4,0.6,new,"(0.5, 2.0)",True,2,Old Theory
611,cycle,2,0.5,0.4,0.6,new,"(0.5, 2.0)",True,55,Correct Theory
612,cycle,2,0.5,0.4,0.6,new,"(0.5, 2.0)",True,126,Correct Theory
613,cycle,2,0.5,0.4,0.6,new,"(0.5, 2.0)",True,40,Old Theory
614,cycle,2,0.5,0.4,0.6,new,"(0.5, 2.0)",True,77,Correct Theory
615,cycle,2,0.5,0.4,0.6,new,"(0.5, 2.0)",True,56,Correct Theory
616,cycle,2,0.5,0.4,0.6,new,"(0.5, 2.0)",True,53,Correct Theory
617,cycle,2,0.5,0.4,0.6,new,"(0.5, 2.0)",True,60,Correct Theory
618,cycle,2,0.5,0.4,0.6,new,"(0.5, 2.0)",True,1,Old Theory
619,cycle,2,0.5,0.4,0.6,new,"(0.5, 2.0)",True,72,Old Theory
620,cycle,2,0.5,0.4,0.6,new,"(0.5, 2.0)",True,31,Correct Theory
621,cycle,2,0.5,0.4,0.6,new,"(0.5, 2.0)",True,67,Correct Theory
622,cycle,2,0.5,0.4,0.6,new,"(0.5, 2.0)",True,1,Old Theory
623,cycle,2,0.5,0.4,0.6,new,"(0.5, 2.0)",True,38,Correct Theory
624,cycle,2,0.5,0.4,0.6,new,"(0.5, 2.0)",True,1,Old Theory
625,cycle,2,0.5,0.4,0.6,new,"(0.5, 2.0)",True,32,Correct Theory
626,cycle,2,0.5,0.4,0.6,new,"(0.5, 2.0)",True,55,Correct Theory
627,cycle,2,0.5,0.4,0.6,new,"(0.5, 2.0)",True,50,Correct Theory
628,cycle,2,0.5,0.4,0.6,new,"(0.5, 2.0)",True,70,Correct Theory
629,cycle,2,0.5,0.4,0.6,new,"(0.5, 2.0)",True,4,Old Theory
630,cycle,2,0.5,0.4,0.6,new,"(0.5, 2.0)",True,18,Old Theory
631,cycle,2,0.5,0.4,0.6,new,"(0.5, 2.0)",True,1,Old Theory
632,cycle,2,0.5,0.4,0.6,new,"(0.5, 2.0)",True,51,Correct Theory
633,cycle,2,0.5,0.4,0.6,new,"(0.5, 2.0)",True,41,Correct Theory
634,cycle,2,0.5,0.4,0.6,new,"(0.5, 2.0)",True,1,Old Theory
635,cycle,2,0.5,0.4,0.6,new,"(0.5, 2.0)",True,33,Correct Theory
636,cycle,2,0.5,0.4,0.6,new,"(0.5, 2.0)",True,31,Correct Theory
637,cycle,2,0.5,0.4,0.6,new,"(0.5, 2.0)",True,1,Old Theory
638,cycle,2,0.5,0.4,0.6,new,"(0.5, 2.0)",True,1,Old Theory
639,cycle,2,0.5,0.4,0.6,new,"(0.5, 2.0)",True,26,Old Theory
640,cycle,2,0.5,0.4,0.6,new,"(0.5, 2.0)",True,1,Old Theory
641,cycle,2,0.5,0.4,0.6,new,"(0.5, 2.0)",True,75,Correct Theory
642,cycle,2,0.5,0.4,0.6,new,"(0.5, 2.0)",True,43,Correct Theory
643,cycle,2,0.5,0.4,0.6,new,"(0.5, 2.0)",True,1,Old Theory
644,cycle,2,0.5,0.4,0.6,new,"(0.5, 2.0)",True,1,Old Theory
645,cycle,2,0.5,0.4,0.6,new,"(0.5, 2.0)",True,1,Old Theory
646,cycle,2,0.5,0.4,0.6,new,"(0.5, 2.0)",True,28,Correct Theory
647,cycle,2,0.5,0.4,0.6,new,"(0.5, 2.0)",True,103,Correct Theory
648,cycle,2,0.5,0.4,0.6,new,"(0.5, 2.0)",True,68,Correct Theory
649,cycle,2,0.5,0.4,0.6,new,"(0.5, 2.0)",True,15,Old Theory
650,cycle,2,0.5,0.4,0.6,new,"(0.5, 2.0)",True,1,Old Theory
651,cycle,2,0.5,0.4,0.6,new,"(0.5, 2.0)",True,59,Correct Theory
652,cycle,2,0.5,0.4,0.6,new,"(0.5, 2.0)",True,24,Old Theory
653,cycle,2,0.5,0.4,0.6,new,"(0.5, 2.0)",True,2,Old Theory
654,cycle,2,0.5,0.4,0.6,new,"(0.5, 2.0)",True,1,Old Theory
655,cycle,2,0.5,0.4,0.6,new,"(0.5, 2.0)",True,4,Old Theory
656,cycle,2,0.5,0.4,0.6,new,"(0.5, 2.0)",True,66,Correct Theory
657,cycle,2,0.5,0.4,0.6,new,"(0.5, 2.0)",True,1,Old Theory
658,cycle,2,0.5,0.4,0.6,new,"(0.5, 2.0)",True,92,Correct Theory
659,cycle,2,0.5,0.4,0.6,new,"(0.5, 2.0)",True,60,Correct Theory
660,cycle,2,0.5,0.4,0.6,new,"(0.5, 2.0)",True,78,Correct Theory
661,cycle,2,0.5,0.4,0.6,new,"(0.5, 2.0)",True,71,Correct Theory
662,cycle,2,0.5,0.4,0.6,new,"(0.5, 2.0)",True,1,Old Theory
663,cycle,2,0.5,0.4,0.6,new,"(0.5, 2.0)",True,54,Correct Theory
664,cycle,2,0.5,0.4,0.6,new,"(0.5, 2.0)",True,33,Correct Theory
665,cycle,2,0.5,0.4,0.6,new,"(0.5, 2.0)",True,40,Correct Theory
666,cycle,2,0.5,0.4,0.6,new,"(0.5, 2.0)",True,2,Old Theory
667,cycle,2,0.5,0.4,0.6,new,"(0.5, 2.0)",True,1,Old Theory
668,cycle,2,0.5,0.4,0.6,new,"(0.5, 2.0)",True,77,Correct Theory
669,cycle,2,0.5,0.4,0.6,new,"(0.5, 2.0)",True,1,Old Theory
670,cycle,2,0.5,0.4,0.6,new,"(0.5, 2.0)",True,44,Correct Theory
671,cycle,2,0.5,0.4,0.6,new,"(0.5, 2.0)",True,117,Correct Theory
672,cycle,2,0.5,0.4,0.6,new,"(0.5, 2.0)",True,13,Old Theory
673,cycle,2,0.5,0.4,0.6,new,"(0.5, 2.0)",True,1,Old Theory
674,cycle,2,0.5,0.4,0.6,new,"(0.5, 2.0)",True,46,Correct Theory
675,cycle,2,0.5,0.4,0.6,new,"(0.5, 2.0)",True,78,Correct Theory
676,cycle,2,0.5,0.4,0.6,new,"(0.5, 2.0)",True,38,Correct Theory
677,cycle,2,0.5,0.4,0.6,new,"(0.5, 2.0)",True,1,Old Theory
678,cycle,2,0.5,0.4,0.6,new,"(0.5, 2.0)",True,103,Correct Theory
679,cycle,2,0.5,0.4,0.6,new,"(0.5, 2.0)",True,35,Correct Theory
680,cycle,2,0.5,0.4,0.6,new,"(0.5, 2.0)",True,89,Correct Theory
681,cycle,2,0.5,0.4,0.6,new,"(0.5, 2.0)",True,1,Old Theory
682,cycle,2,0.5,0.4,0.6,new,"(0.5, 2.0)",True,31,Correct Theory
683,cycle,2,0.5,0.4,0.6,new,"(0.5, 2.0)",True,44,Correct Theory
684,cycle,2,0.5,0.4,0.6,new,"(0.5, 2.0)",True,1,Old Theory
685,cycle,2,0.5,0.4,0.6,new,"(0.5, 2.0)",True,47,Correct Theory
686,cycle,2,0.5,0.4,0.6,new,"(0.5, 2.0)",True,42,Correct Theory
687,cycle,2,0.5,0.4,0.6,new,"(0.5, 2.0)",True,11,Old Theory
688,cycle,2,0.5,0.4,0.6,new,"(0.5, 2.0)",True,65,Correct Theory
689,cycle,2,0.5,0.4,0.6,new,"(0.5, 2.0)",True,59,Correct Theory
690,cycle,2,0.5,0.4,0.6,new,"(0.5, 2.0)",True,43,Correct Theory
691,cycle,2,0.5,0.4,0.6,new,"(0.5, 2.0)",True,27,Old Theory
692,cycle,2,0.5,0.4,0.6,new,"(0.5, 2.0)",True,1,Old Theory
693,cycle,2,0.5,0.4,0.6,new,"(0.5, 2.0)",True,1,Old Theory
694,cycle,2,0.5,0.4,0.6,new,"(0.5, 2.0)",True,1,Old Theory
695,cycle,2,0.5,0.4,0.6,new,"(0.5, 2.0)",True,44,Correct Theory
696,cycle,2,0.5,0.4,0.6,new,"(0.5, 2.0)",True,1,Old Theory
697,cycle,2,0.5,0.4,0.6,new,"(0.5, 2.0)",True,2,Old Theory
698,cycle,2,0.5,0.4,0.6,new,"(0.5, 2.0)",True,1,Old Theory
699,cycle,2,0.5,0.4,0.6,new,"(0.5, 2.0)",True,36,Correct Theory
700,cycle,2,0.5,0.4,0.6,new,"(0.5, 2.0)",True,1,Old Theory
701,cycle,2,0.5,0.4,0.6,new,"(0.5, 2.0)",True,1,Old Theory
702,cycle,2,0.5,0.4,0.6,new,"(0.5, 2.0)",True,9,Old Theory
703,cycle,2,0.5,0.4,0.6,new,"(0.5, 2.0)",True,1,Old Theory
704,cycle,2,0.5,0.4,0.6,new,"(0.5, 2.0)",True,126,Correct Theory
705,cycle,2,0.5,0.4,0.6,new,"(0.5, 2.0)",True,54,Old Theory
706,cycle,2,0.5,0.4,0.6,new,"(0.5, 2.0)",True,1,Old Theory
707,cycle,2,0.5,0.4,0.6,new,"(0.5, 2.0)",True,68,Correct Theory
708,cycle,2,0.5,0.4,0.6,new,"(0.5, 2.0)",True,113,Correct Theory
709,cycle,2,0.5,0.4,0.6,new,"(0.5, 2.0)",True,1,Old Theory
710,cycle,2,0.5,0.4,0.6,new,"(0.5, 2.0)",True,58,Correct Theory
711,cycle,2,0.5,0.4,0.6,new,"(0.5, 2.0)",True,52,Correct Theory
712,cycle,2,0.5,0.4,0.6,new,"(0.5, 2.0)",True,33,Correct Theory
713,cycle,2,0.5,0.4,0.6,new,"(0.5, 2.0)",True,81,Correct Theory
714,cycle,2,0.5,0.4,0.6,new,"(0.5, 2.0)",True,14,Old Theory
715,cycle,2,0.5,0.4,0.6,new,"(0.5, 2.0)",True,56,Correct Theory
716,cycle,2,0.5,0.4,0.6,new,"(0.5, 2.0)",True,37,Correct Theory
717,cycle,2,0.5,0.4,0.6,new,"(0.5, 2.0)",True,1,Old Theory
718,cycle,2,0.5,0.4,0.6,new,"(0.5, 2.0)",True,31,Correct Theory
719,cycle,2,0.5,0.4,0.6,new,"(0.5, 2.0)",True,41,Correct Theory
720,cycle,2,0.5,0.4,0.6,new,"(0.5, 2.0)",True,2,Old Theory
721,cycle,2,0.5,0.4,0.6,new,"(0.5, 2.0)",True,1,Old Theory
722,cycle,2,0.5,0.4,0.6,new,"(0.5, 2.0)",True,4,Old Theory
723,cycle,2,0.5,0.4,0.6,new,"(0.5, 2.0)",True,1,Old Theory
724,cycle,2,0.5,0.4,0.6,new,"(0.5, 2.0)",True,62,Correct Theory
725,cycle,2,0.5,0.4,0.6,new,"(0.5, 2.0)",True,1,Old Theory
726,cycle,2,0.5,0.4,0.6,new,"(0.5, 2.0)",True,11,Old Theory
727,cycle,2,0.5,0.4,0.6,new,"(0.5, 2.0)",True,15,Old Theory
728,cycle,2,0.5,0.4,0.6,new,"(0.5, 2.0)",True,3,Old Theory
729,cycle,2,0.5,0.4,0.6,new,"(0.5, 2.0)",True,3,Old Theory
730,cycle,2,0.5,0.4,0.6,new,"(0.5, 2.0)",True,28,Correct Theory
731,cycle,2,0.5,0.4,0.6,new,"(0.5, 2.0)",True,3,Old Theory
732,cycle,2,0.5,0.4,0.6,new,"(0.5, 2.0)",True,6,Old Theory
733,cycle,2,0.5,0.4,0.6,new,"(0.5, 2.0)",True,23,Correct Theory
734,cycle,2,0.5,0.4,0.6,new,"(0.5, 2.0)",True,33,Correct Theory
735,cycle,2,0.5,0.4,0.6,new,"(0.5, 2.0)",True,123,Correct Theory
736,cycle,2,0.5,0.4,0.6,new,"(0.5, 2.0)",True,51,Correct Theory
737,cycle,2,0.5,0.4,0.6,new,"(0.5, 2.0)",True,64,Correct Theory
738,cycle,2,0.5,0.4,0.6,new,"(0.5, 2.0)",True,46,Correct Theory
739,cycle,2,0.5,0.4,0.6,new,"(0.5, 2.0)",True,1,Old Theory
740,cycle,2,0.5,0.4,0.6,new,"(0.5, 2.0)",True,2,Old Theory
741,cycle,2,0.5,0.4,0.6,new,"(0.5, 2.0)",True,8,Old Theory
742,cycle,2,0.5,0.4,0.6,new,"(0.5, 2.0)",True,1,Old Theory
743,cycle,2,0.5,0.4,0.6,new,"(0.5, 2.0)",True,37,Correct Theory
744,cycle,2,0.5,0.4,0.6,new,"(0.5, 2.0)",True,5,Old Theory
745,cycle,2,0.5,0.4,0.6,new,"(0.5, 2.0)",True,1,Old Theory
746,cycle,2,0.5,0.4,0.6,new,"(0.5, 2.0)",True,73,Correct Theory
747,cycle,2,0.5,0.4,0.6,new,"(0.5, 2.0)",True,16,Old Theory
748,cycle,2,0.5,0.4,0.6,new,"(0.5, 2.0)",True,5,Old Theory
749,cycle,2,0.5,0.4,0.6,new,"(0.5, 2.0)",True,1,Old Theory
750,cycle,2,0.5,0.4,0.6,new,"(0.5, 2.0)",True,124,Correct Theory
751,cycle,2,0.5,0.4,0.6,new,"(0.5, 2.0)",True,85,Correct Theory
752,cycle,2,0.5,0.4,0.6,new,"(0.5, 2.0)",True,66,Correct Theory
753,cycle,2,0.5,0.4,0.6,new,"(0.5, 2.0)",True,1,Old Theory
754,cycle,2,0.5,0.4,0.6,new,"(0.5, 2.0)",True,3,Old Theory
755,cycle,2,0.5,0.4,0.6,new,"(0.5, 2.0)",True,5,Old Theory
756,cycle,2,0.5,0.4,0.6,new,"(0.5, 2.0)",True,95,Correct Theory
757,cycle,2,0.5,0.4,0.6,new,"(0.5, 2.0)",True,1,Old Theory
758,cycle,2,0.5,0.4,0.6,new,"(0.5, 2.0)",True,47,Correct Theory
759,cycle,2,0.5,0.4,0.6,new,"(0.5, 2.0)",True,61,Correct Theory
760,cycle,2,0.5,0.4,0.6,new,"(0.5, 2.0)",True,3,Old Theory
761,cycle,2,0.5,0.4,0.6,new,"(0.5, 2.0)",True,51,Correct Theory
762,cycle,2,0.5,0.4,0.6,new,"(0.5, 2.0)",True,3,Old Theory
763,cycle,2,0.5,0.4,0.6,new,"(0.5, 2.0)",True,34,Correct Theory
764,cycle,2,0.5,0.4,0.6,new,"(0.5, 2.0)",True,1,Old Theory
765,cycle,2,0.5,0.4,0.6,new,"(0.5, 2.0)",True,33,Correct Theory
766,cycle,2,0.5,0.4,0.6,new,"(0.5, 2.0)",True,64,Correct Theory
767,cycle,2,0.5,0.4,0.6,new,"(0.5, 2.0)",True,1,Old Theory
768,cycle,2,0.5,0.4,0.6,new,"(0.5, 2.0)",True,53,Correct Theory
769,cycle,2,0.5,0.4,0.6,new,"(0.5, 2.0)",True,40,Old Theory
770,cycle,2,0.5,0.4,0.6,new,"(0.5, 2.0)",True,12,Old Theory
771,cycle,2,0.5,0.4,0.6,new,"(0.5, 2.0)",True,67,Correct Theory
772,cycle,2,0.5,0.4,0.6,new,"(0.5, 2.0)",True,40,Correct Theory
773,cycle,2,0.5,0.4,0.6,new,"(0.5, 2.0)",True,32,Correct Theory
774,cycle,2,0.5,0.4,0.6,new,"(0.5, 2.0)",True,1,Old Theory
775,cycle,2,0.5,0.4,0.6,new,"(0.5, 2.0)",True,13,Old Theory
776,cycle,2,0.5,0.4,0.6,new,"(0.5, 2.0)",True,37,Correct Theory
777,cycle,2,0.5,0.4,0.6,new,"(0.5, 2.0)",True,24,Correct Theory
778,cycle,2,0.5,0.4,0.6,new,"(0.5, 2.0)",True,1,Old Theory
779,cycle,2,0.5,0.4,0.6,new,"(0.5, 2.0)",True,1,Old Theory
780,cycle,2,0.5,0.4,0.6,new,"(0.5, 2.0)",True,1,Old Theory
781,cycle,2,0.5,0.4,0.6,new,"(0.5, 2.0)",True,1,Old Theory
782,cycle,2,0.5,0.4,0.6,new,"(0.5, 2.0)",True,30,Correct Theory
783,cycle,2,0.5,0.4,0.6,new,"(0.5, 2.0)",True,61,Correct Theory
784,cycle,2,0.5,0.4,0.6,new,"(0.5, 2.0)",True,1,Old Theory
785,cycle,2,0.5,0.4,0.6,new,"(0.5, 2.0)",True,22,Old Theory
786,cycle,2,0.5,0.4,0.6,new,"(0.5, 2.0)",True,6,Old Theory
787,cycle,2,0.5,0.4,0.6,new,"(0.5, 2.0)",True,57,Correct Theory
788,cycle,2,0.5,0.4,0.6,new,"(0.5, 2.0)",True,5,Old Theory
789,cycle,2,0.5,0.4,0.6,new,"(0.5, 2.0)",True,31,Correct Theory
790,cycle,2,0.5,0.4,0.6,new,"(0.5, 2.0)",True,63,Correct Theory
791,cycle,2,0.5,0.4,0.6,new,"(0.5, 2.0)",True,1,Old Theory
792,cycle,2,0.5,0.4,0.6,new,"(0.5, 2.0)",True,1,Old Theory
793,cycle,2,0.5,0.4,0.6,new,"(0.5, 2.0)",True,35,Old Theory
794,cycle,2,0.5,0.4,0.6,new,"(0.5, 2.0)",True,5,Old Theory
795,cycle,2,0.5,0.4,0.6,new,"(0.5, 2.0)",True,66,Correct Theory
796,cycle,2,0.5,0.4,0.6,new,"(0.5, 2.0)",True,42,Correct Theory
797,cycle,2,0.5,0.4,0.6,new,"(0.5, 2.0)",True,41,Correct Theory
798,cycle,2,0.5,0.4,0.6,new,"(0.5, 2.0)",True,1,Old Theory
799,cycle,2,0.5,0.4,0.6,new,"(0.5, 2.0)",True,75,Correct Theory
800,cycle,2,0.5,0.4,0.6,new,"(0.5, 2.0)",True,4,Old Theory
801,cycle,2,0.5,0.4,0.6,new,"(0.5, 2.0)",True,87,Correct Theory
802,cycle,2,0.5,0.4,0.6,new,"(0.5, 2.0)",True,32,Correct Theory
803,cycle,2,0.5,0.4,0.6,new,"(0.5, 2.0)",True,29,Correct Theory
804,cycle,2,0.5,0.4,0.6,new,"(0.5, 2.0)",True,40,Correct Theory
805,cycle,2,0.5,0.4,0.6,new,"(0.5, 2.0)",True,42,Correct Theory
806,cycle,2,0.5,0.4,0.6,new,"(0.5, 2.0)",True,22,Old Theory
807,cycle,2,0.5,0.4,0.6,new,"(0.5, 2.0)",True,76,Correct Theory
808,cycle,2,0.5,0.4,0.6,new,"(0.5, 2.0)",True,50,Correct Theory
809,cycle,2,0.5,0.4,0.6,new,"(0.5, 2.0)",True,19,Old Theory
810,cycle,2,0.5,0.4,0.6,new,"(0.5, 2.0)",True,2,Old Theory
811,cycle,2,0.5,0.4,0.6,new,"(0.5, 2.0)",True,37,Correct Theory
812,cycle,2,0.5,0.4,0.6,new,"(0.5, 2.0)",True,1,Old Theory
813,cycle,2,0.5,0.4,0.6,new,"(0.5, 2.0)",True,107,Correct Theory
814,cycle,2,0.5,0.4,0.6,new,"(0.5, 2.0)",True,91,Correct Theory
815,cycle,2,0.5,0.4,0.6,new,"(0.5, 2.0)",True,50,Correct Theory
816,cycle,2,0.5,0.4,0.6,new,"(0.5, 2.0)",True,56,Correct Theory
817,cycle,2,0.5,0.4,0.6,new,"(0.5, 2.0)",True,77,Correct Theory
818,cycle,2,0.5,0.4,0.6,new,"(0.5, 2.0)",True,1,Old Theory
819,cycle,2,0.5,0.4,0.6,new,"(0.5, 2.0)",True,45,Correct Theory
820,cycle,2,0.5,0.4,0.6,new,"(0.5, 2.0)",True,1,Old Theory
821,cycle,2,0.5,0.4,0.6,new,"(0.5, 2.0)",True,1,Old Theory
822,cycle,2,0.5,0.4,0.6,new,"(0.5, 2.0)",True,1,Old Theory
823,cycle,2,0.5,0.4,0.6,new,"(0.5, 2.0)",True,16,Old Theory
824,cycle,2,0.5,0.4,0.6,new,"(0.5, 2.0)",True,68,Correct Theory
825,cycle,2,0.5,0.4,0.6,new,"(0.5, 2.0)",True,75,Correct Theory
826,cycle,2,0.5,0.4,0.6,new,"(0.5, 2.0)",True,43,Correct Theory
827,cycle,2,0.5,0.4,0.6,new,"(0.5, 2.0)",True,60,Correct Theory
828,cycle,2,0.5,0.4,0.6,new,"(0.5, 2.0)",True,21,Correct Theory
829,cycle,2,0.5,0.4,0.6,new,"(0.5, 2.0)",True,49,Correct Theory
830,cycle,2,0.5,0.4,0.6,new,"(0.5, 2.0)",True,19,Old Theory
831,cycle,2,0.5,0.4,0.6,new,"(0.5, 2.0)",True,26,Correct Theory
832,cycle,2,0.5,0.4,0.6,new,"(0.5, 2.0)",True,1,Old Theory
833,cycle,2,0.5,0.4,0.6,new,"(0.5, 2.0)",True,32,Correct Theory
834,cycle,2,0.5,0.4,0.6,new,"(0.5, 2.0)",True,1,Old Theory
835,cycle,2,0.5,0.4,0.6,new,"(0.5, 2.0)",True,1,Old Theory
836,cycle,2,0.5,0.4,0.6,new,"(0.5, 2.0)",True,1,Old Theory
837,cycle,2,0.5,0.4,0.6,new,"(0.5, 2.0)",True,1,Old Theory
838,cycle,2,0.5,0.4,0.6,new,"(0.5, 2.0)",True,1,Old Theory
839,cycle,2,0.5,0.4,0.6,new,"(0.5, 2.0)",True,9,Old Theory
840,cycle,2,0.5,0.4,0.6,new,"(0.5, 2.0)",True,58,Correct Theory
841,cycle,2,0.5,0.4,0.6,new,"(0.5, 2.0)",True,6,Old Theory
842,cycle,2,0.5,0.4,0.6,new,"(0.5, 2.0)",True,1,Old Theory
843,cycle,2,0.5,0.4,0.6,new,"(0.5, 2.0)",True,59,Correct Theory
844,cycle,2,0.5,0.4,0.6,new,"(0.5, 2.0)",True,1,Old Theory
845,cycle,2,0.5,0.4,0.6,new,"(0.5, 2.0)",True,1,Old Theory
846,cycle,2,0.5,0.4,0.6,new,"(0.5, 2.0)",True,73,Correct Theory
847,cycle,2,0.5,0.4,0.6,new,"(0.5, 2.0)",True,60,Correct Theory
848,cycle,2,0.5,0.4,0.6,new,"(0.5, 2.0)",True,15,Old Theory
849,cycle,2,0.5,0.4,0.6,new,"(0.5, 2.0)",True,82,Correct Theory
850,cycle,2,0.5,0.4,0.6,new,"(0.5, 2.0)",True,117,Correct Theory
851,cycle,2,0.5,0.4,0.6,new,"(0.5, 2.0)",True,1,Old Theory
852,cycle,2,0.5,0.4,0.6,new,"(0.5, 2.0)",True,28,Old Theory
853,cycle,2,0.5,0.4,0.6,new,"(0.5, 2.0)",True,31,Correct Theory
854,cycle,2,0.5,0.4,0.6,new,"(0.5, 2.0)",True,128,Correct Theory
855,cycle,2,0.5,0.4,0.6,new,"(0.5, 2.0)",True,1,Old Theory
856,cycle,2,0.5,0.4,0.6,new,"(0.5, 2.0)",True,4,Old Theory
857,cycle,2,0.5,0.4,0.6,new,"(0.5, 2.0)",True,6,Old Theory
858,cycle,2,0.5,0.4,0.6,new,"(0.5, 2.0)",True,36,Correct Theory
859,cycle,2,0.5,0.4,0.6,new,"(0.5, 2.0)",True,42,Correct Theory
860,cycle,2,0.5,0.4,0.6,new,"(0.5, 2.0)",True,1,Old Theory
861,cycle,2,0.5,0.4,0.6,new,"(0.5, 2.0)",True,18,Old Theory
862,cycle,2,0.5,0.4,0.6,new,"(0.5, 2.0)",True,1,Old Theory
863,cycle,2,0.5,0.4,0.6,new,"(0.5, 2.0)",True,114,Correct Theory
864,cycle,2,0.5,0.4,0.6,new,"(0.5, 2.0)",True,70,Correct Theory
865,cycle,2,0.5,0.4,0.6,new,"(0.5, 2.0)",True,1,Old Theory
866,cycle,2,0.5,0.4,0.6,new,"(0.5, 2.0)",True,11,Old Theory
867,cycle,2,0.5,0.4,0.6,new,"(0.5, 2.0)",True,3,Old Theory
868,cycle,2,0.5,0.4,0.6,new,"(0.5, 2.0)",True,10,Old Theory
869,cycle,2,0.5,0.4,0.6,new,"(0.5, 2.0)",True,1,Old Theory
870,cycle,2,0.5,0.4,0.6,new,"(0.5, 2.0)",True,1,Old Theory
871,cycle,2,0.5,0.4,0.6,new,"(0.5, 2.0)",True,77,Correct Theory
872,cycle,2,0.5,0.4,0.6,new,"(0.5, 2.0)",True,1,Old Theory
873,cycle,2,0.5,0.4,0.6,new,"(0.5, 2.0)",True,71,Correct Theory
874,cycle,2,0.5,0.4,0.6,new,"(0.5, 2.0)",True,1,Old Theory
875,cycle,2,0.5,0.4,0.6,new,"(0.5, 2.0)",True,1,Old Theory
876,cycle,2,0.5,0.4,0.6,new,"(0.5, 2.0)",True,60,Correct Theory
877,cycle,2,0.5,0.4,0.6,new,"(0.5, 2.0)",True,67,Correct Theory
878,cycle,2,0.5,0.4,0.6,new,"(0.5, 2.0)",True,48,Correct Theory
879,cycle,2,0.5,0.4,0.6,new,"(0.5, 2.0)",True,1,Old Theory
880,cycle,2,0.5,0.4,0.6,new,"(0.5, 2.0)",True,7,Old Theory
881,cycle,2,0.5,0.4,0.6,new,"(0.5, 2.0)",True,1,Old Theory
882,cycle,2,0.5,0.4,0.6,new,"(0.5, 2.0)",True,45,Correct Theory
883,cycle,2,0.5,0.4,0.6,new,"(0.5, 2.0)",True,3,Old Theory
884,cycle,2,0.5,0.4,0.6,new,"(0.5, 2.0)",True,1,Old Theory
885,cycle,2,0.5,0.4,0.6,new,"(0.5, 2.0)",True,37,Correct Theory
886,cycle,2,0.5,0.4,0.6,new,"(0.5, 2.0)",True,26,Correct Theory
887,cycle,2,0.5,0.4,0.6,new,"(0.5, 2.0)",True,16,Old Theory
888,cycle,2,0.5,0.4,0.6,new,"(0.5, 2.0)",True,3,Old Theory
889,cycle,2,0.5,0.4,0.6,new,"(0.5, 2.0)",True,56,Correct Theory
890,cycle,2,0.5,0.4,0.6,new,"(0.5, 2.0)",True,72,Correct Theory
891,cycle,2,0.5,0.4,0.6,new,"(0.5, 2.0)",True,43,Correct Theory
892,cycle,2,0.5,0.4,0.6,new,"(0.5, 2.0)",True,1,Old Theory
893,cycle,2,0.5,0.4,0.6,new,"(0.5, 2.0)",True,7,Old Theory
894,cycle,2,0.5,0.4,0.6,new,"(0.5, 2.0)",True,1,Old Theory
895,cycle,2,0.5,0.4,0.6,new,"(0.5, 2.0)",True,53,Correct Theory
896,cycle,2,0.5,0.4,0.6,new,"(0.5, 2.0)",True,14,Old Theory
897,cycle,2,0.5,0.4,0.6,new,"(0.5, 2.0)",True,1,Old Theory
898,cycle,2,0.5,0.4,0.6,new,"(0.5, 2.0)",True,8,Old Theory
899,cycle,2,0.5,0.4,0.6,new,"(0.5, 2.0)",True,95,Correct Theory
900,cycle,2,0.5,0.4,0.6,new,"(0.5, 2.0)",True,9,Old Theory
901,cycle,2,0.5,0.4,0.6,new,"(0.5, 2.0)",True,1,Old Theory
902,cycle,2,0.5,0.4,0.6,new,"(0.5, 2.0)",True,2,Old Theory
903,cycle,2,0.5,0.4,0.6,new,"(0.5, 2.0)",True,4,Old Theory
904,cycle,2,0.5,0.4,0.6,new,"(0.5, 2.0)",True,48,Correct Theory
905,cycle,2,0.5,0.4,0.6,new,"(0.5, 2.0)",True,24,Correct Theory
906,cycle,2,0.5,0.4,0.6,new,"(0.5, 2.0)",True,45,Correct Theory
907,cycle,2,0.5,0.4,0.6,new,"(0.5, 2.0)",True,67,Correct Theory
908,cycle,2,0.5,0.4,0.6,new,"(0.5, 2.0)",True,67,Correct Theory
909,cycle,2,0.5,0.4,0.6,new,"(0.5, 2.0)",True,25,Correct Theory
910,cycle,2,0.5,0.4,0.6,new,"(0.5, 2.0)",True,17,Old Theory
911,cycle,2,0.5,0.4,0.6,new,"(0.5, 2.0)",True,59,Correct Theory
912,cycle,2,0.5,0.4,0.6,new,"(0.5, 2.0)",True,50,Correct Theory
913,cycle,2,0.5,0.4,0.6,new,"(0.5, 2.0)",True,1,Old Theory
914,cycle,2,0.5,0.4,0.6,new,"(0.5, 2.0)",True,80,Correct Theory
915,cycle,2,0.5,0.4,0.6,new,"(0.5, 2.0)",True,5,Old Theory
916,cycle,2,0.5,0.4,0.6,new,"(0.5, 2.0)",True,85,Correct Theory
917,cycle,2,0.5,0.4,0.6,new,"(0.5, 2.0)",True,5,Old Theory
918,cycle,2,0.5,0.4,0.6,new,"(0.5, 2.0)",True,1,Old Theory
919,cycle,2,0.5,0.4,0.6,new,"(0.5, 2.0)",True,51,Correct Theory
920,cycle,2,0.5,0.4,0.6,new,"(0.5, 2.0)",True,65,Correct Theory
921,cycle,2,0.5,0.4,0.6,new,"(0.5, 2.0)",True,61,Correct Theory
922,cycle,2,0.5,0.4,0.6,new,"(0.5, 2.0)",True,1,Old Theory
923,cycle,2,0.5,0.4,0.6,new,"(0.5, 2.0)",True,131,Correct Theory
924,cycle,2,0.5,0.4,0.6,new,"(0.5, 2.0)",True,38,Correct Theory
925,cycle,2,0.5,0.4,0.6,new,"(0.5, 2.0)",True,41,Correct Theory
926,cycle,2,0.5,0.4,0.6,new,"(0.5, 2.0)",True,3,Old Theory
927,cycle,2,0.5,0.4,0.6,new,"(0.5, 2.0)",True,1,Old Theory
928,cycle,2,0.5,0.4,0.6,new,"(0.5, 2.0)",True,2,Old Theory
929,cycle,2,0.5,0.4,0.6,new,"(0.5, 2.0)",True,15,Old Theory
930,cycle,2,0.5,0.4,0.6,new,"(0.5, 2.0)",True,35,Correct Theory
931,cycle,2,0.5,0.4,0.6,new,"(0.5, 2.0)",True,15,Correct Theory
932,cycle,2,0.5,0.4,0.6,new,"(0.5, 2.0)",True,84,Correct Theory
933,cycle,2,0.5,0.4,0.6,new,"(0.5, 2.0)",True,1,Old Theory
934,cycle,2,0.5,0.4,0.6,new,"(0.5, 2.0)",True,63,Correct Theory
935,cycle,2,0.5,0.4,0.6,new,"(0.5, 2.0)",True,63,Correct Theory
936,cycle,2,0.5,0.4,0.6,new,"(0.5, 2.0)",True,44,Correct Theory
937,cycle,2,0.5,0.4,0.6,new,"(0.5, 2.0)",True,68,Correct Theory
938,cycle,2,0.5,0.4,0.6,new,"(0.5, 2.0)",True,41,Correct Theory
939,cycle,2,0.5,0.4,0.6,new,"(0.5, 2.0)",True,5,Old Theory
940,cycle,2,0.5,0.4,0.6,new,"(0.5, 2.0)",True,83,Correct Theory
941,cycle,2,0.5,0.4,0.6,new,"(0.5, 2.0)",True,6,Old Theory
942,cycle,2,0.5,0.4,0.6,new,"(0.5, 2.0)",True,5,Old Theory
943,cycle,2,0.5,0.4,0.6,new,"(0.5, 2.0)",True,9,Old Theory
944,cycle,2,0.5,0.4,0.6,new,"(0.5, 2.0)",True,70,Correct Theory
945,cycle,2,0.5,0.4,0.6,new,"(0.5, 2.0)",True,1,Old Theory
946,cycle,2,0.5,0.4,0.6,new,"(0.5, 2.0)",True,57,Correct Theory
947,cycle,2,0.5,0.4,0.6,new,"(0.5, 2.0)",True,1,Old Theory
948,cycle,2,0.5,0.4,0.6,new,"(0.5, 2.0)",True,1,Old Theory
949,cycle,2,0.5,0.4,0.6,new,"(0.5, 2.0)",True,2,Old Theory
950,cycle,2,0.5,0.4,0.6,new,"(0.5, 2.0)",True,18,Correct Theory
951,cycle,2,0.5,0.4,0.6,new,"(0.5, 2.0)",True,51,Correct Theory
952,cycle,2,0.5,0.4,0.6,new,"(0.5, 2.0)",True,1,Old Theory
953,cycle,2,0.5,0.4,0.6,new,"(0.5, 2.0)",True,30,Correct Theory
954,cycle,2,0.5,0.4,0.6,new,"(0.5, 2.0)",True,32,Correct Theory
955,cycle,2,0.5,0.4,0.6,new,"(0.5, 2.0)",True,1,Old Theory
956,cycle,2,0.5,0.4,0.6,new,"(0.5, 2.0)",True,1,Old Theory
957,cycle,2,0.5,0.4,0.6,new,"(0.5, 2.0)",True,7,Old Theory
958,cycle,2,0.5,0.4,0.6,new,"(0.5, 2.0)",True,58,Correct Theory
959,cycle,2,0.5,0.4,0.6,new,"(0.5, 2.0)",True,5,Old Theory
960,cycle,2,0.5,0.4,0.6,new,"(0.5, 2.0)",True,5,Old Theory
961,cycle,2,0.5,0.4,0.6,new,"(0.5, 2.0)",True,44,Correct Theory
962,cycle,2,0.5,0.4,0.6,new,"(0.5, 2.0)",True,41,Correct Theory
963,cycle,2,0.5,0.4,0.6,new,"(0.5, 2.0)",True,69,Correct Theory
964,cycle,2,0.5,0.4,0.6,new,"(0.5, 2.0)",True,61,Correct Theory
965,cycle,2,0.5,0.4,0.6,new,"(0.5, 2.0)",True,1,Old Theory
966,cycle,2,0.5,0.4,0.6,new,"(0.5, 2.0)",True,59,Correct Theory
967,cycle,2,0.5,0.4,0.6,new,"(0.5, 2.0)",True,45,Correct Theory
968,cycle,2,0.5,0.4,0.6,new,"(0.5, 2.0)",True,11,Old Theory
969,cycle,2,0.5,0.4,0.6,new,"(0.5, 2.0)",True,40,Correct Theory
970,cycle,2,0.5,0.4,0.6,new,"(0.5, 2.0)",True,9,Old Theory
971,cycle,2,0.5,0.4,0.6,new,"(0.5, 2.0)",True,78,Correct Theory
972,cycle,2,0.5,0.4,0.6,new,"(0.5, 2.0)",True,53,Correct Theory
973,cycle,2,0.5,0.4,0.6,new,"(0.5, 2.0)",True,21,Correct Theory
974,cycle,2,0.5,0.4,0.6,new,"(0.5, 2.0)",True,113,Correct Theory
975,cycle,2,0.5,0.4,0.6,new,"(0.5, 2.0)",True,55,Correct Theory
976,cycle,2,0.5,0.4,0.6,new,"(0.5, 2.0)",True,63,Correct Theory
977,cycle,2,0.5,0.4,0.6,new,"(0.5, 2.0)",True,54,Correct Theory
978,cycle,2,0.5,0.4,0.6,new,"(0.5, 2.0)",True,42,Correct Theory
979,cycle,2,0.5,0.4,0.6,new,"(0.5, 2.0)",True,1,Old Theory
980,cycle,2,0.5,0.4,0.6,new,"(0.5, 2.0)",True,46,Old Theory
981,cycle,2,0.5,0.4,0.6,new,"(0.5, 2.0)",True,63,Correct Theory
982,cycle,2,0.5,0.4,0.6,new,"(0.5, 2.0)",True,1,Old Theory
983,cycle,2,0.5,0.4,0.6,new,"(0.5, 2.0)",True,1,Old Theory
984,cycle,2,0.5,0.4,0.6,new,"(0.5, 2.0)",True,59,Correct Theory
985,cycle,2,0.5,0.4,0.6,new,"(0.5, 2.0)",True,70,Correct Theory
986,cycle,2,0.5,0.4,0.6,new,"(0.5, 2.0)",True,39,Correct Theory
987,cycle,2,0.5,0.4,0.6,new,"(0.5, 2.0)",True,82,Correct Theory
988,cycle,2,0.5,0.4,0.6,new,"(0.5, 2.0)",True,2,Old Theory
989,cycle,2,0.5,0.4,0.6,new,"(0.5, 2.0)",True,1,Old Theory
990,cycle,2,0.5,0.4,0.6,new,"(0.5, 2.0)",True,3,Old Theory
991,cycle,2,0.5,0.4,0.6,new,"(0.5, 2.0)",True,44,Correct Theory
992,cycle,2,0.5,0.4,0.6,new,"(0.5, 2.0)",True,1,Old Theory
993,cycle,2,0.5,0.4,0.6,new,"(0.5, 2.0)",True,63,Correct Theory
994,cycle,2,0.5,0.4,0.6,new,"(0.5, 2.0)",True,40,Correct Theory
995,cycle,2,0.5,0.4,0.6,new,"(0.5, 2.0)",True,51,Correct Theory
996,cycle,2,0.5,0.4,0.6,new,"(0.5, 2.0)",True,1,Old Theory
997,cycle,2,0.5,0.4,0.6,new,"(0.5, 2.0)",True,1,Old Theory
998,cycle,2,0.5,0.4,0.6,new,"(0.5, 2.0)",True,7,Old Theory
999,cycle,2,0.5,0.4,0.6,new,"(0.5, 2.0)",True,1,Old Theory
1000,cycle,2,0.5,0.4,0.6,new,"(0.5, 2.0)",True,1,Old Theory
